-- phpMyAdmin SQL Dump
-- version 4.9.1
-- https://www.phpmyadmin.net/
--
-- Host: 127.0.0.1
-- Generation Time: Jan 07, 2024 at 02:46 PM
-- Server version: 10.4.8-MariaDB
-- PHP Version: 7.4.30

SET SQL_MODE = "NO_AUTO_VALUE_ON_ZERO";
SET AUTOCOMMIT = 0;
START TRANSACTION;
SET time_zone = "+00:00";


/*!40101 SET @OLD_CHARACTER_SET_CLIENT=@@CHARACTER_SET_CLIENT */;
/*!40101 SET @OLD_CHARACTER_SET_RESULTS=@@CHARACTER_SET_RESULTS */;
/*!40101 SET @OLD_COLLATION_CONNECTION=@@COLLATION_CONNECTION */;
/*!40101 SET NAMES utf8mb4 */;

--
-- Database: `db_iccat`
--

-- --------------------------------------------------------

--
-- Table structure for table `clients`
--

CREATE TABLE `clients` (
  `id` int(11) NOT NULL,
  `name` varchar(128) NOT NULL,
  `email` varchar(128) NOT NULL,
  `logo` varchar(128) NOT NULL DEFAULT 'default.png',
  `pic_client` varchar(128) NOT NULL,
  `no_telp` varchar(15) NOT NULL,
  `is_active` int(5) NOT NULL,
  `user_id` int(5) NOT NULL,
  `created_at` varchar(128) NOT NULL,
  `updated_at` varchar(128) NOT NULL,
  `created_by` int(11) NOT NULL
) ENGINE=InnoDB DEFAULT CHARSET=utf8mb4;

--
-- Dumping data for table `clients`
--

INSERT INTO `clients` (`id`, `name`, `email`, `logo`, `pic_client`, `no_telp`, `is_active`, `user_id`, `created_at`, `updated_at`, `created_by`) VALUES
(1, 'PT TEST', 'aliwafamuhamad16@gmail.com', 'default.png', 'Aliwafa', '085157554086', 1, 2, '2023-12-19 15:44:38', '2023-12-19 15:44:38', 1);

-- --------------------------------------------------------

--
-- Table structure for table `events`
--

CREATE TABLE `events` (
  `id` int(11) NOT NULL,
  `name` varchar(128) NOT NULL,
  `code` varchar(128) NOT NULL,
  `min_responden` int(11) NOT NULL,
  `event_start` datetime NOT NULL,
  `event_end` datetime NOT NULL,
  `pic_event` varchar(128) NOT NULL,
  `created_at` varchar(128) NOT NULL,
  `updated_at` varchar(128) NOT NULL,
  `client_id` int(5) NOT NULL,
  `created_by` int(11) NOT NULL,
  `is_active` int(5) NOT NULL
) ENGINE=InnoDB DEFAULT CHARSET=utf8mb4;

--
-- Dumping data for table `events`
--

INSERT INTO `events` (`id`, `name`, `code`, `min_responden`, `event_start`, `event_end`, `pic_event`, `created_at`, `updated_at`, `client_id`, `created_by`, `is_active`) VALUES
(1, 'Test Event', '5e0d2033c6d71b11b7dbe084d7ae31cd', 10, '2023-12-20 09:19:00', '2024-01-07 00:00:00', 'Aliwafa', '2023-12-20 03:19:38', '2023-12-20 03:19:38', 1, 1, 1);

-- --------------------------------------------------------

--
-- Table structure for table `kompetensi`
--

CREATE TABLE `kompetensi` (
  `id` int(11) NOT NULL,
  `kompetensi` text NOT NULL,
  `deskripsi` text NOT NULL,
  `status` int(5) NOT NULL,
  `created_at` datetime NOT NULL DEFAULT current_timestamp(),
  `updated_at` datetime NOT NULL DEFAULT current_timestamp()
) ENGINE=InnoDB DEFAULT CHARSET=utf8mb4;

--
-- Dumping data for table `kompetensi`
--

INSERT INTO `kompetensi` (`id`, `kompetensi`, `deskripsi`, `status`, `created_at`, `updated_at`) VALUES
(1, 'ACHIEVEMENT ORIENTATION', 'Mencapai sasaran kerja yang menantang dan prestasi kerja yang lebih baik.', 1, '2023-12-20 11:28:02', '2023-12-20 11:28:02'),
(2, 'ACTION MANAGEMENT', 'Kemampuan mengelola seluruh sumber daya dalam mencapai sasaran perusahaan.', 1, '2023-12-20 11:28:02', '2023-12-20 11:28:02'),
(3, 'ADAPTABILITY', 'Mempertahankan efektivitas perilaku/kerja ketika menghadapi perubahan yang terjadi (lingkungan, prosedur dan orang).', 1, '2023-12-20 11:28:02', '2023-12-20 11:28:02'),
(4, 'ANALYTICAL THINKING', 'Kemampuan untuk mengidentifikasi sumber-sumber masalah, menggunakan pendekatan berpikir yang logis, sistematis dan teratur secara kronologis.', 1, '2023-12-20 11:28:02', '2023-12-20 11:28:02'),
(5, 'ATTENTION TO DETAIL', 'Kemampuan untuk memproses informasi detil secara efektif dan konsisten.', 1, '2023-12-20 11:28:02', '2023-12-20 11:28:02'),
(6, 'BUILDING PARTNERSHIP', 'Kemampuan dalam menjalin dan mengembangkan hubungan kemitraan yang saling menguntungkan dengan ?client? dan unit kerja sebagai prioritas utama yang menimbulkan sinergi.', 1, '2023-12-20 11:28:02', '2023-12-20 11:28:02'),
(7, 'BUSINESS ACUMEN', 'Kemampuan untuk memanfaatkan peluang dalam memperoleh profit dan mengembangkan aktifitas bisnis perusahaan.', 1, '2023-12-20 11:28:02', '2023-12-20 11:28:02'),
(8, 'BUSINESS AWARENESS', 'Kemampuan untuk memahami perannya dalam pencapaian tujuan bisnis perusahaan.', 1, '2023-12-20 11:28:02', '2023-12-20 11:28:02'),
(9, 'COLLABORATION', 'Mencari cara untuk bekerja secara efektif dengan orang lain, mempertahankan hubungan kerja yang baik antar pribadi.', 1, '2023-12-20 11:28:02', '2023-12-20 11:28:02'),
(10, 'COMMUNICATION', 'Menerima dan menyampaikan informasi lisan maupun tulisan secara efektif untuk menghindari kesalahpahaman.', 1, '2023-12-20 11:28:02', '2023-12-20 11:28:02'),
(11, 'CONCEPTUAL THINKING', 'Kemampuan memahami situasi atau masalah dengan cara memandangnya sebagai satu kesatuan yang terintegrasi.', 1, '2023-12-20 11:28:02', '2023-12-20 11:28:02'),
(12, 'CONTINUOUS IMPROVEMENT', 'Mengembangkan hasil proses-proses dan kondisi yang ada berdasarkan keadaan yang berubah terus menerus.', 1, '2023-12-20 11:28:02', '2023-12-20 11:28:02'),
(13, 'CONTROL', 'Menetapkan prosedur untuk mengendalikan dan atau mengatur aktivitas dan tanggung jawab anak buah; proses untuk memastikan  segala aktifitas yang terlaksana sesuai dengan apa yang telah direncanakan.', 1, '2023-12-20 11:28:02', '2023-12-20 11:28:02'),
(14, 'CUSTOMER FOCUS', 'Secara proaktif memberikan pelayanan yang bernilai tambah dan lebih dari yang diharapkan pelanggan eksternal atau internal.', 1, '2023-12-20 11:28:02', '2023-12-20 11:28:02'),
(15, 'CREATIVITY', 'Kemampuan berpikir untuk menghasilkan solusi, cara atau terobosan dalam bentuk ide, gagasan atau program nyata yang mendukung pencapaian kinerja terbaik perusahaan; menjadikan kendala sebagai tantangan untuk menghasilkan gagasan yang kreatif.', 1, '2023-12-20 11:28:02', '2023-12-20 11:28:02'),
(16, 'DECISION MAKING', 'Kemampuan mengambil tindakan atau keputusan yang efektif untuk menyelesaikan masalah.', 1, '2023-12-20 11:28:02', '2023-12-20 11:28:02'),
(17, 'DELEGATION', 'Menugaskan pekerjaan pada orang lain untuk memaksimalkan waktu dan pengembangan  sumber daya manusia serta sumber daya lain; memberi kepercayaan pada anak buah untuk meningkatkan produktivitas.', 1, '2023-12-20 11:28:02', '2023-12-20 11:28:02'),
(18, 'EMPATHY', 'Mempertimbangkan perasaan dan kebutuhan orang lain saat mengambil tindakan.', 1, '2023-12-20 11:28:02', '2023-12-20 11:28:02'),
(19, 'EMPOWERING', 'Kemampuan memberdayakan staf melalui pemberian wewenang yang lebih besar sehingga mereka merasa lebih mampu dan termotivasi.', 1, '2023-12-20 11:28:02', '2023-12-20 11:28:02'),
(20, 'ENTHUSIASTIC', 'Penuh energi dan hidup, mungkin impulsif, bersemangat, spontan, ceria, mengambil resiko, suka membutuhkan stimulasi-stimulasi dan mencari tantangan, serta cenderung tidak mudah bosan.', 1, '2023-12-20 11:28:02', '2023-12-20 11:28:02'),
(21, 'FAIRNESS TO SUBORDINATE', 'Kemampuan untuk bertindak proporsional terhadap staff', 1, '2023-12-20 11:28:02', '2023-12-20 11:28:02'),
(22, 'FLEXIBILITY', 'Kemampuan mengubah pola pikir dan pola perilaku dengan mudah dan cepat sejalan dengan keragaman kebutuhan / tuntutan.', 1, '2023-12-20 11:28:02', '2023-12-20 11:28:02'),
(23, 'IMPACT', 'Menunjukan kesan pertama yang baik, mendapatkan perhatian dan penghargaan, menunjukan rasa percaya diri.', 1, '2023-12-20 11:28:02', '2023-12-20 11:28:02'),
(24, 'INITIATIVE', 'Mengambil tindakan yang didasarkan terhadap apa yang seharusnya dilakukan ataupun yang bersifat proaktif  untuk mencapai sasaran.', 1, '2023-12-20 11:28:02', '2023-12-20 11:28:02'),
(25, 'INFORMATION SEEKING', 'Kemauan dan kemampuan untuk mengumpulkan informasi yang berguna dalam penyelesaian pekerjaan.', 1, '2023-12-20 11:28:02', '2023-12-20 11:28:02'),
(26, 'INNOVATION', 'Membuat  dan menerapkan metode penyelesaian yang inovatif untuk mengatasi berbagai tantangan pekerjaan.', 1, '2023-12-20 11:28:02', '2023-12-20 11:28:02'),
(27, 'INTERPERSONAL SKILL', 'Kemampuan untuk mengenali; menginterpretasi dan mengantisipasi minat dan perasaan orang lain, serta mengkomunikasikan pemahaman-pemahaman tersebut berlandaskan empati.', 1, '2023-12-20 11:28:02', '2023-12-20 11:28:02'),
(28, 'LEADERSHIP', 'Menggunakan gaya kepemimpinan dan metoda interpersonal yang tepat dalam mengarahkan individu dan kelompok dalam mencapai tujuan.', 1, '2023-12-20 11:28:02', '2023-12-20 11:28:02'),
(29, 'LEARNING ABILITY', 'Mendapatkan pengetahuan dan keahlian baru dengan cepat dan mudah.', 1, '2023-12-20 11:28:02', '2023-12-20 11:28:02'),
(30, 'LEGAL AWARENESS', 'Kemauan untuk mencari tahu dan kemampuan untuk mengantisipasi resiko hukum dari setiap keputusan-keputusan yang diambil.', 1, '2023-12-20 11:28:02', '2023-12-20 11:28:02'),
(31, 'MANAGING DIVERSITY', 'Kemampuan untuk mengelola dan memanfaatkan keragaman para pemangku kepentingan untuk meningkatkan nilai tambah dan daya saing Perusahaan.', 1, '2023-12-20 11:28:02', '2023-12-20 11:28:02'),
(32, 'MONITORING', 'Melaksanakan berbagai prosedur dan metode untuk mengumpulkan dan mengulas berbagai informasi yang dibutuhkan untuk manajemen yang efektif; kegiatan untuk mengikuti perkembangan suatu program yang dilakukan secara   teratur serta terus menerus.', 1, '2023-12-20 11:28:02', '2023-12-20 11:28:02'),
(33, 'NEGOTIATION', 'Mencapai solusi yang disepakati bersama melalui komunikasi dan membina  hubungan baik dengan pihak-pihak yang terkait.', 1, '2023-12-20 11:28:02', '2023-12-20 11:28:02'),
(34, 'NETWORKING', 'Kemampuan menciptakan dan mendorong serta memelihara hubungan yang kuat dengan organisasi dan \'key person.\'', 1, '2023-12-20 11:28:03', '2023-12-20 11:28:03'),
(35, 'ORGANIZATIONAL AWARENESS', 'Kemampuan menggunakan pengetahuan tentang situasi atau budaya organisasi untuk mengidentifikasi dan mengantisipasi dampak keputusan yang diambil terhadap pihak atau unit lain.', 1, '2023-12-20 11:28:03', '2023-12-20 11:28:03'),
(36, 'PEOPLE DEVELOPMENT', 'Membantu dalam pengembangan pengetahuan dan keahlian staff sehingga mereka dapat bekerja dengan efektif.', 1, '2023-12-20 11:28:03', '2023-12-20 11:28:03'),
(37, 'PERSUASIVENESS', 'Menggunakan gaya dan metoda interpersonal yang tepat dalam berkomunikasi sebagai upaya mencapai persetujuan terhadap ide/pendapat yang disampaikan.', 1, '2023-12-20 11:28:03', '2023-12-20 11:28:03'),
(38, 'PLANNING & ORGANIZING', 'Menetapkan alternatif tindakan baik untuk diri sendiri maupun untuk orang lain dalam mencapai tujuan yang spesifik; merencanakan dan mengalokasikan sumber daya yang ada.', 1, '2023-12-20 11:28:03', '2023-12-20 11:28:03'),
(39, 'RISK TAKING', 'Keberanian mengambil tindakan untuk mencapai keuntungan disertai kesiapan menerima resiko atau akibat negatif yang berpotensi muncul sesuai perhitungan yang dilakukannya.', 1, '2023-12-20 11:28:03', '2023-12-20 11:28:03'),
(40, 'SELF CONFIDENT', 'Tingkat keyakinan akan keberadaan diri di tengah situasi sosial serta memiliki pandangan yang positif terhadap dirinya', 1, '2023-12-20 11:28:03', '2023-12-20 11:28:03'),
(41, 'SELF MANAGEMENT', 'Memiliki kepercayaan diri dan komitmen untuk mengalokasikan waktu, tenaga dan pikiran untuk hal-hal yang sangat prioritas.', 1, '2023-12-20 11:28:03', '2023-12-20 11:28:03'),
(42, 'STRATEGIC ORIENTATION', 'Pemahaman komprehensif tentang berbagai hal yang mempengaruhi arah strategis perusahaan.', 1, '2023-12-20 11:28:03', '2023-12-20 11:28:03'),
(43, 'TEAM WORK', 'Memberikan kontribusi dalam pengembangan dan pencapaian tujuan tim.', 1, '2023-12-20 11:28:03', '2023-12-20 11:28:03'),
(44, 'TENACITY', 'Gigih dalam berusaha dan bertindak hingga tujuan tercapai atau ditinggalkan.', 1, '2023-12-20 11:28:03', '2023-12-20 11:28:03'),
(45, 'TOLERANCE FOR STRESS', 'Kemampuan seseorang untuk bertahan dalam situasi dan kondisi yang penuh tekanan.', 1, '2023-12-20 11:28:03', '2023-12-20 11:28:03');

-- --------------------------------------------------------

--
-- Table structure for table `perilaku`
--

CREATE TABLE `perilaku` (
  `id` int(11) NOT NULL,
  `perilaku` text NOT NULL,
  `status` int(5) NOT NULL,
  `kompetensi_id` int(5) NOT NULL,
  `created_at` datetime NOT NULL DEFAULT current_timestamp(),
  `updated_at` datetime NOT NULL DEFAULT current_timestamp()
) ENGINE=InnoDB DEFAULT CHARSET=utf8mb4;

--
-- Dumping data for table `perilaku`
--

INSERT INTO `perilaku` (`id`, `perilaku`, `status`, `kompetensi_id`, `created_at`, `updated_at`) VALUES
(1, ' Menetapkan sasaran kerja yang menantang', 1, 1, '2023-12-20 11:29:50', '2023-12-20 11:29:50'),
(2, ' Menetapkan target di atas standard normal', 1, 1, '2023-12-20 11:29:50', '2023-12-20 11:29:50'),
(3, ' Melakukan berbagai cara untuk mencapai sasaran kerja', 1, 1, '2023-12-20 11:29:50', '2023-12-20 11:29:50'),
(4, ' Mereview dan mengevaluasi secara terus menerus hasil kerjanya', 1, 1, '2023-12-20 11:29:50', '2023-12-20 11:29:50'),
(5, ' Meningkatkan prestasi kerja yang lebih tinggi secara terus menerus', 1, 1, '2023-12-20 11:29:50', '2023-12-20 11:29:50'),
(6, ' Mengembangkan metoda kerja yang lebih efektif dan efisien untuk mencapai kinerja unit', 1, 1, '2023-12-20 11:29:50', '2023-12-20 11:29:50'),
(7, ' Mengambil dan menerima resiko yang akan dihadapi', 1, 1, '2023-12-20 11:29:50', '2023-12-20 11:29:50'),
(8, ' Mendorong unit kerja mencapai target yang ditetapkan atau melebihi hasil kerja sebelumnya', 1, 1, '2023-12-20 11:29:50', '2023-12-20 11:29:50'),
(9, ' Menetapkan sasaran/ tujuan objektif yang  ingin dicapai', 1, 2, '2023-12-20 11:29:50', '2023-12-20 11:29:50'),
(10, ' Membuat rencana kerja atau langkah-langkah tindakan secara sistematis', 1, 2, '2023-12-20 11:29:50', '2023-12-20 11:29:50'),
(11, ' Mengidentifikasi tugas-tugas kritis', 1, 2, '2023-12-20 11:29:50', '2023-12-20 11:29:50'),
(12, ' Membedakan tugas berdasarkan tingkat kepentingan (sangat penting, penting, dan tidak penting)', 1, 2, '2023-12-20 11:29:50', '2023-12-20 11:29:50'),
(13, ' Mengelola sumber daya secara optimal untuk mencapai sasaran yang telah ditetapkan', 1, 2, '2023-12-20 11:29:50', '2023-12-20 11:29:50'),
(14, ' Mengantisipasi resiko yang mungkin timbul dari tindakan yang dilakukan', 1, 2, '2023-12-20 11:29:50', '2023-12-20 11:29:50'),
(15, ' Menyusun langkah-langkah atau tindakan secara sistematis untuk mencapai sasaran yang telah ditetapkan', 1, 2, '2023-12-20 11:29:50', '2023-12-20 11:29:50'),
(16, ' Melakukan monitoring secara berkala dalam upayanya mencapai sasaran yang telah ditetapkan', 1, 2, '2023-12-20 11:29:50', '2023-12-20 11:29:50'),
(17, ' Mengerjakan berbagai tugas yang bervariasi baik dari jenis atau kompleksitas tugas', 1, 3, '2023-12-20 11:29:50', '2023-12-20 11:29:50'),
(18, ' Menyesuaikan diri secara cepat dan tepat terhadap perubahan cara dan metode kerja', 1, 3, '2023-12-20 11:29:50', '2023-12-20 11:29:50'),
(19, ' Menyesuaikan diri dengan tanggung jawab dan tugas baru', 1, 3, '2023-12-20 11:29:50', '2023-12-20 11:29:50'),
(20, ' Mempertahankan efektivitas ketika berubah peran', 1, 3, '2023-12-20 11:29:50', '2023-12-20 11:29:50'),
(21, ' Mempertahankan efektivitas ketika terjadi perubahan prioritas dalam pekerjaan', 1, 3, '2023-12-20 11:29:50', '2023-12-20 11:29:50'),
(22, ' Berinteraksi secara efektif dengan berbagai tipe/tingkatan orang yang berbeda', 1, 3, '2023-12-20 11:29:50', '2023-12-20 11:29:50'),
(23, ' Mempertahankan efektivitas perilaku ketika berhadapan dengan orang dari budaya dan/atau latar belakang yang berbeda', 1, 3, '2023-12-20 11:29:50', '2023-12-20 11:29:50'),
(24, ' Menghadapi perubahan atau pembaharuan secara positif', 1, 3, '2023-12-20 11:29:50', '2023-12-20 11:29:50'),
(25, ' Mengumpulkan informasi yang relevan agar dapat memahami masalah', 1, 4, '2023-12-20 11:29:50', '2023-12-20 11:29:50'),
(26, ' Mengidentifikasi data/informasi penting untuk mengenali situasi dan permasalahan organisasi', 1, 4, '2023-12-20 11:29:50', '2023-12-20 11:29:50'),
(27, ' Membuat klasifikasi atas data/informasi yang diidentifikasi', 1, 4, '2023-12-20 11:29:50', '2023-12-20 11:29:50'),
(28, ' Mengintegrasikan informasi dan data yang relevan agar dapat memahami masalah', 1, 4, '2023-12-20 11:29:50', '2023-12-20 11:29:50'),
(29, ' Menguraikan keterkaitan/hubungan sebab-akibat dari informasi dan data untuk memperoleh makna dan implikasi yang jelas', 1, 4, '2023-12-20 11:29:50', '2023-12-20 11:29:50'),
(30, ' Mengembangkan asumsi yang relevan dengan permasalahan', 1, 4, '2023-12-20 11:29:50', '2023-12-20 11:29:50'),
(31, ' Membuat kesimpulan yang logis atas permasalahan', 1, 4, '2023-12-20 11:29:50', '2023-12-20 11:29:50'),
(32, ' Mengenali gejala-gejala yang memberi petunjuk adanya masalah yang lebih besar', 1, 4, '2023-12-20 11:29:50', '2023-12-20 11:29:50'),
(33, ' Memeriksa kekurangan dan kesalahan dari pekerjaan', 1, 5, '2023-12-20 11:29:50', '2023-12-20 11:29:50'),
(34, ' Memeriksa pekerjaan sehingga memenuhi standar yang ditentukan', 1, 5, '2023-12-20 11:29:50', '2023-12-20 11:29:50'),
(35, ' Tetap kritis pada tugas yang rutin dan menjaga performansi kerjanya', 1, 5, '2023-12-20 11:29:50', '2023-12-20 11:29:50'),
(36, ' Memastikan bahwa pada laporan yang telah dibuat tidak ada lagi kesalahan', 1, 5, '2023-12-20 11:29:50', '2023-12-20 11:29:50'),
(37, ' Memilih detil yang penting dari sejumlah informasi yang kompleks', 1, 5, '2023-12-20 11:29:50', '2023-12-20 11:29:50'),
(38, ' Senantiasa memeriksa proses kerja dan tugas secara akurat sepanjang waktu', 1, 5, '2023-12-20 11:29:50', '2023-12-20 11:29:50'),
(39, ' Melakukan klarifikasi untuk memahami detil   ketika diberi penugasan', 1, 5, '2023-12-20 11:29:50', '2023-12-20 11:29:50'),
(40, ' Mengikuti prosedur dokumentasi dan pencatatan', 1, 5, '2023-12-20 11:29:50', '2023-12-20 11:29:50'),
(41, ' Mengidentifikasi kebutuhan dan kesempatan  untuk melakukan kerjasama dengan berbagai pihak', 1, 6, '2023-12-20 11:29:50', '2023-12-20 11:29:50'),
(42, ' Membangun hubungan baik dengan ?client? dan unit kerja sebagai prioritas utama', 1, 6, '2023-12-20 11:29:50', '2023-12-20 11:29:50'),
(43, ' Memanfaatkan hubungan informal dalam meraih sasaran perusahaan', 1, 6, '2023-12-20 11:29:50', '2023-12-20 11:29:50'),
(44, ' Berbagi informasi dengan ?client? dan unit kerja untuk menciptakan kedudukan yang setara dan saling menguntungkan', 1, 6, '2023-12-20 11:29:50', '2023-12-20 11:29:50'),
(45, ' Menerapkan situasi yang saling menguntungkan dalam menyelesaikan masalah', 1, 6, '2023-12-20 11:29:50', '2023-12-20 11:29:50'),
(46, ' Menjalin relasi  dengan mitra/unit kerja lain dalam organisasi untuk mencapai sasaran organisasi', 1, 6, '2023-12-20 11:29:50', '2023-12-20 11:29:50'),
(47, ' Membangun relasi antar unit terkait dalam upaya memanfaatkan sumberdaya  guna menyelesaikan masalah', 1, 6, '2023-12-20 11:29:50', '2023-12-20 11:29:50'),
(48, ' Mengidentifikasi berbagai kemungkinan dan peluang untuk meningkatkan hubungan kerja sama yang telah terjalin', 1, 6, '2023-12-20 11:29:50', '2023-12-20 11:29:50'),
(49, ' Mengenali adanya peluang / kesempatan bisnis', 1, 7, '2023-12-20 11:29:50', '2023-12-20 11:29:50'),
(50, ' Mengenali cara-cara baru untuk lebih memperoleh keuntungan/efisien', 1, 7, '2023-12-20 11:29:50', '2023-12-20 11:29:50'),
(51, ' Membuat rencana dan menentukan tindakan untuk merealisasikan kemungkinan bisnis yang potensial', 1, 7, '2023-12-20 11:29:50', '2023-12-20 11:29:50'),
(52, ' Menyusun strategi bisnis dalam rangka meningkatkan performansi perusahaan', 1, 7, '2023-12-20 11:29:50', '2023-12-20 11:29:50'),
(53, ' Menyusun strategi dan taktik bisnis dalam rangka memposisikan pasar', 1, 7, '2023-12-20 11:29:50', '2023-12-20 11:29:50'),
(54, ' Memperhitungkan resiko bisnis dalam setiap tindakan', 1, 7, '2023-12-20 11:29:50', '2023-12-20 11:29:50'),
(55, ' Menentukan tindakan untuk merealisasikan bisnis yang potensial', 1, 7, '2023-12-20 11:29:50', '2023-12-20 11:29:50'),
(56, ' Mengambil tindakan yang sesegera mungkin guna memperoleh keuntungan sesuai kebutuhan pasar', 1, 7, '2023-12-20 11:29:50', '2023-12-20 11:29:50'),
(57, ' Memahami bisnis perusahaan', 1, 8, '2023-12-20 11:29:50', '2023-12-20 11:29:50'),
(58, ' Memahami faktor-faktor yang menentukan kelangsungan bisnis perusahaan', 1, 8, '2023-12-20 11:29:50', '2023-12-20 11:29:50'),
(59, ' Memahami keterkaitan unit kerja lain dengan unit kerjanya dalam mencapai tujuan bisnis perusahaan', 1, 8, '2023-12-20 11:29:50', '2023-12-20 11:29:50'),
(60, ' Memahami kontribusi unit kerjanya dalam pencapaian tujuan bisnis perusahaan', 1, 8, '2023-12-20 11:29:50', '2023-12-20 11:29:50'),
(61, ' Memahami perkembangan lingkungan bisnis yang meliputi pasar, pesaing ataupun arah bisnis', 1, 8, '2023-12-20 11:29:50', '2023-12-20 11:29:50'),
(62, ' Melihat adanya kesempatan bisnis atau kecenderungan (potensi) adanya peluang bisnis', 1, 8, '2023-12-20 11:29:50', '2023-12-20 11:29:50'),
(63, ' Memahami kecenderungan-kecenderungan dan peluang-peluang bisnis', 1, 8, '2023-12-20 11:29:50', '2023-12-20 11:29:50'),
(64, ' Memahami cara-cara dalam menjalankan suatu bisnis', 1, 8, '2023-12-20 11:29:50', '2023-12-20 11:29:50'),
(65, ' Mengembangkan rencana dan tujuan bersama', 1, 9, '2023-12-20 11:29:50', '2023-12-20 11:29:50'),
(66, ' Mendefinisikan tanggungjawab pribadi dan tanggungjawab bersama', 1, 9, '2023-12-20 11:29:50', '2023-12-20 11:29:50'),
(67, ' Mengidentifikasi dan menyelesaikan masalah secara bersama-sama', 1, 9, '2023-12-20 11:29:50', '2023-12-20 11:29:50'),
(68, ' Mendengarkan orang lain dan mempelajari keahlian, kreativitas dan pengalaman mereka', 1, 9, '2023-12-20 11:29:50', '2023-12-20 11:29:50'),
(69, ' Mengutamakan kepentingan bersama diatas kepentingan pribadi', 1, 9, '2023-12-20 11:29:50', '2023-12-20 11:29:50'),
(70, ' Menyatakan pendapat pribadi dan hal-hal yang tidak disetujui dengan cara yang bijaksana', 1, 9, '2023-12-20 11:29:50', '2023-12-20 11:29:50'),
(71, ' Aktif mencari berbagai sumber daya yang dibutuhkan dalam proses penyelesaian pekerjaan/masalah ', 1, 9, '2023-12-20 11:29:50', '2023-12-20 11:29:50'),
(72, ' Mampu mengajak dan meyakinkan orang lain untuk terlibat dalam proses penyelesaian pekerjaan/masalah', 1, 9, '2023-12-20 11:29:50', '2023-12-20 11:29:50'),
(73, ' Berbicara dalam tempo, volume, nada, dan tekanan suara yang tepat', 1, 10, '2023-12-20 11:29:50', '2023-12-20 11:29:50'),
(74, ' Menyampaikan informasi secara sistematis dan terorganisir', 1, 10, '2023-12-20 11:29:50', '2023-12-20 11:29:50'),
(75, ' Menggunakan tata bahasa dan kosakata yang tepat', 1, 10, '2023-12-20 11:29:50', '2023-12-20 11:29:50'),
(76, ' Menyampaikan gagasan/ide secara jelas dalam bentuk tulisan maupun lisan', 1, 10, '2023-12-20 11:29:50', '2023-12-20 11:29:50'),
(77, ' Menyampaikan informasi/ gagasan / pendapat secara lancar dan logis melalui presentasi formal', 1, 10, '2023-12-20 11:29:50', '2023-12-20 11:29:50'),
(78, ' Memeriksa pemahaman orang lain', 1, 10, '2023-12-20 11:29:50', '2023-12-20 11:29:50'),
(79, ' Memahami isi / inti dari hal-hal yang disampaikan orang lain', 1, 10, '2023-12-20 11:29:50', '2023-12-20 11:29:50'),
(80, ' Mengembangkan sikap dan gaya penyampaian gagasan sesuai situasi dan kondisi', 1, 10, '2023-12-20 11:29:50', '2023-12-20 11:29:50'),
(81, ' Menggunakan konsep/metode tertentu untuk menemukenali masalah', 1, 11, '2023-12-20 11:29:50', '2023-12-20 11:29:50'),
(82, ' Mengabstraksikan data-data untuk memahami suatu masalah', 1, 11, '2023-12-20 11:29:50', '2023-12-20 11:29:50'),
(83, ' Melihat perbedaan yang penting antara permasalahan saat ini dengan pengalaman yang pernah terjadi sebelumnya', 1, 11, '2023-12-20 11:29:50', '2023-12-20 11:29:50'),
(84, ' Membuat pola hubungan antar permasalahan secara komprehensif', 1, 11, '2023-12-20 11:29:50', '2023-12-20 11:29:50'),
(85, ' Memodifikasi dan menerapkan konsep-konsep/metoda secara tepat', 1, 11, '2023-12-20 11:29:50', '2023-12-20 11:29:50'),
(86, ' Menyusun konsep untuk memahami dan mengatasi permasalahan', 1, 11, '2023-12-20 11:29:50', '2023-12-20 11:29:50'),
(87, ' Menyimpulkan informasi yang beragam dan tidak lengkap menjadi sesuatu yang jelas', 1, 11, '2023-12-20 11:29:50', '2023-12-20 11:29:50'),
(88, ' Mengidentifikasi kunci atau dasar permasalahan di dalam situasi yang kompleks', 1, 11, '2023-12-20 11:29:50', '2023-12-20 11:29:50'),
(89, ' Percaya bahwa selalu ada kesempatan untuk maju', 1, 12, '2023-12-20 11:29:50', '2023-12-20 11:29:50'),
(90, ' Mengamati dan melakukan penyesuaian apabila diperlukan pada saat pelaksanaan', 1, 12, '2023-12-20 11:29:50', '2023-12-20 11:29:50'),
(91, ' Memilih pendekatan yang  paling tepat dan melaksanakannya', 1, 12, '2023-12-20 11:29:50', '2023-12-20 11:29:50'),
(92, ' Melakukan pendekatan-pendekatan untuk meningkatkan keadaan saat ini', 1, 12, '2023-12-20 11:29:50', '2023-12-20 11:29:50'),
(93, ' Menentukan dan mengidentifikasi hal-hal yang akan dikembangkan  walaupun sekarang  sedang  berjalan dengan baik', 1, 12, '2023-12-20 11:29:50', '2023-12-20 11:29:50'),
(94, ' Terus menerus mencari kemungkinan untuk pengembangan', 1, 12, '2023-12-20 11:29:50', '2023-12-20 11:29:50'),
(95, ' Melakukan perbaikan secara terus menerus', 1, 12, '2023-12-20 11:29:50', '2023-12-20 11:29:50'),
(96, ' Selalu siap untuk mengikuti perubahan yang terjadi di perusahaan', 1, 12, '2023-12-20 11:29:50', '2023-12-20 11:29:50'),
(97, ' Menetapkan sistem untuk memantau kelanjutan tugas yang didelegasikan', 1, 13, '2023-12-20 11:29:50', '2023-12-20 11:29:50'),
(98, ' Mengawasi dan mengulas informasi yang dikumpulkan dengan  rutin untuk menentukan perkembangan dan tindakan yang harus  diambil', 1, 13, '2023-12-20 11:29:50', '2023-12-20 11:29:50'),
(99, ' Memantau kelanjutan penugasan yang telah diberikan kepada bawahan untuk menjamin bahwa pekerjaan tersebut dilaksanakan secara tepat dan sempurna', 1, 13, '2023-12-20 11:29:50', '2023-12-20 11:29:50'),
(100, ' Memeriksa secara berkala kepada setiap bawahan mengenai kemajuan ataupun masalah-masalah mereka', 1, 13, '2023-12-20 11:29:50', '2023-12-20 11:29:50'),
(101, ' Memeriksa hasil kerja untuk memastikan bahwa pekerjaan dilakukan sesuai dengan ketentuan', 1, 13, '2023-12-20 11:29:50', '2023-12-20 11:29:50'),
(102, ' Memberikan instruksi-instruksi khusus dan tanggal penyerahan secara rinci untuk tugas yang didelegasikan', 1, 13, '2023-12-20 11:29:50', '2023-12-20 11:29:50'),
(103, ' Memeriksa laporan untuk tetap mengikuti perkembangan pekerjaan', 1, 13, '2023-12-20 11:29:50', '2023-12-20 11:29:50'),
(104, ' Mengumpulkan informasi secara terus-menerus untuk melihat lancar tidaknya proses penyelesaian pekerjaan', 1, 13, '2023-12-20 11:29:50', '2023-12-20 11:29:50'),
(105, ' Memberikan perhatian yang penuh kepada pelanggan', 1, 14, '2023-12-20 11:29:50', '2023-12-20 11:29:50'),
(106, ' Mengidentifikasi kebutuhan pelanggan', 1, 14, '2023-12-20 11:29:50', '2023-12-20 11:29:50'),
(107, ' Membahas permasalahan yang dihadapi pelanggan', 1, 14, '2023-12-20 11:29:50', '2023-12-20 11:29:50'),
(108, ' Memahami yang menjadi kebutuhan pelanggan (internal maupun eksternal)', 1, 14, '2023-12-20 11:29:50', '2023-12-20 11:29:50'),
(109, ' Memahami yang menjadi kebutuhan pelanggan (internal maupun eksternal)', 1, 14, '2023-12-20 11:29:50', '2023-12-20 11:29:50'),
(110, ' Mengambil tindakan guna menanggulangi masalah-masalah pelanggan', 1, 14, '2023-12-20 11:29:50', '2023-12-20 11:29:50'),
(111, ' Memberikan alternatif pemecahan masalah yang sesuai dengan tuntutan dan kebutuhan pelanggan', 1, 14, '2023-12-20 11:29:50', '2023-12-20 11:29:50'),
(112, ' Memberikan layanan yang melebihi kebutuhan pelanggan', 1, 14, '2023-12-20 11:29:50', '2023-12-20 11:29:50'),
(113, ' Menemukan adanya analogi dari persoalan yang dihadapi saat ini dengan pengalaman masa lalu', 1, 15, '2023-12-20 11:29:50', '2023-12-20 11:29:50'),
(114, ' Menemukan alternatif lain pada saat suatu solusi mengalami hambatan', 1, 15, '2023-12-20 11:29:50', '2023-12-20 11:29:50'),
(115, ' Mengembangkan ide baru berdasarkan pemikiran orang lain', 1, 15, '2023-12-20 11:29:50', '2023-12-20 11:29:50'),
(116, ' Menterjemahkan informasi, instruksi atau arahan tugas ke dalam gagasan yang dapat memaksimalkan pencapaian hasil', 1, 15, '2023-12-20 11:29:50', '2023-12-20 11:29:50'),
(117, ' Mengembangkan gagasan/karya yang sudah ada ke dalam bentuk gagasan/karya yang baru yang lebih memaksimalkan pencapaian hasil', 1, 15, '2023-12-20 11:29:50', '2023-12-20 11:29:50'),
(118, ' Menciptakan dan/atau mengelola gagasan baru atau karya kreatif yang menguntungkan perusahaan', 1, 15, '2023-12-20 11:29:50', '2023-12-20 11:29:50'),
(119, ' Mengembangkan ide/gagasan baru  berdasarkan pertimbangan data/informasi yang ada', 1, 15, '2023-12-20 11:29:50', '2023-12-20 11:29:50'),
(120, ' Melihat masalah dari sudut pandang yang berbeda untuk membuat terobosan baru', 1, 15, '2023-12-20 11:29:50', '2023-12-20 11:29:50'),
(121, ' Mempertimbangkan berbagai informasi / fakta yang penting/relevan sebagai dasar dalam mengambil keputusan', 1, 16, '2023-12-20 11:29:50', '2023-12-20 11:29:50'),
(122, ' Mengembangkan alternatif tindakan berdasarkan fakta yang relevan', 1, 16, '2023-12-20 11:29:50', '2023-12-20 11:29:50'),
(123, ' Mengidentifikasi kelebihan dan kekurangan dari setiap alternatif solusi', 1, 16, '2023-12-20 11:29:50', '2023-12-20 11:29:50'),
(124, ' Membuat kriteria keputusan yang jelas dan tepat untuk dijadikan panduan dalam membuat keputusan', 1, 16, '2023-12-20 11:29:50', '2023-12-20 11:29:50'),
(125, ' Memilih dan menetapkan keputusan yang paling tepat dari alternatif yang tersedia', 1, 16, '2023-12-20 11:29:50', '2023-12-20 11:29:50'),
(126, ' Mengidentifikasi resiko dari keputusan/ rekomendasi yang ditetapkan', 1, 16, '2023-12-20 11:29:50', '2023-12-20 11:29:50'),
(127, ' Membuat langkah-langkah antisipasi (mitigasi) untuk menghadapi resiko yang mungkin muncul', 1, 16, '2023-12-20 11:29:50', '2023-12-20 11:29:50'),
(128, ' Melibatkan orang-orang yang tepat untuk terlibat dalam mengembangkan dan memutuskan suatu alternatif', 1, 16, '2023-12-20 11:29:50', '2023-12-20 11:29:50'),
(129, ' Menyerahkan tugas dan pekerjaan pada orang lain berdasarkan keahlian, minat, peran dan kebutuhan perkembangan', 1, 17, '2023-12-20 11:29:50', '2023-12-20 11:29:50'),
(130, ' Memberikan penugasan pada individu yang tepat berdasarkan kontribusinya yang lalu', 1, 17, '2023-12-20 11:29:50', '2023-12-20 11:29:50'),
(131, ' Menjelaskan ruang lingkup dan tanggungjawab dari tugas yang diserahkan', 1, 17, '2023-12-20 11:29:50', '2023-12-20 11:29:50'),
(132, ' Mendefinisikan hasil kerja yang dibutuhkan dari pekerjaan yang ditugaskan', 1, 17, '2023-12-20 11:29:50', '2023-12-20 11:29:50'),
(133, ' Memberikan tanggung jawab untuk bertindak atau wewenang untuk membuat keputusan', 1, 17, '2023-12-20 11:29:50', '2023-12-20 11:29:50'),
(134, ' Menunjukkan kepercayaan pada individu yang diberikan delegasi dan meyakini  mereka akan menyelesaikannya dengan baik', 1, 17, '2023-12-20 11:29:50', '2023-12-20 11:29:50'),
(135, ' Memberikan instruksi yang jelas agar tugas yang didelegasikan bisa dijalankan dengan sesuai yang diharapkan', 1, 17, '2023-12-20 11:29:50', '2023-12-20 11:29:50'),
(136, ' Memberikan penugasan kepada individu untuk menangani suatu tugas yang bukan bagiannya', 1, 17, '2023-12-20 11:29:50', '2023-12-20 11:29:50'),
(137, ' Memberikan perhatian terhadap keluhan/ permasalahan yang disampaikan orang lain', 1, 18, '2023-12-20 11:29:50', '2023-12-20 11:29:50'),
(138, ' Memberikan tanggapan terhadap keluhan/ permasalahan yang disampaikan orang lain', 1, 18, '2023-12-20 11:29:50', '2023-12-20 11:29:50'),
(139, ' Menunjukkan perhatian terhadap perasaan dan kebutuhan orang lain', 1, 18, '2023-12-20 11:29:50', '2023-12-20 11:29:50'),
(140, ' Memberikan dukungan pada orang lain', 1, 18, '2023-12-20 11:29:50', '2023-12-20 11:29:50'),
(141, ' Menjaga harga diri orang lain pada saat melakukan kesalahan', 1, 18, '2023-12-20 11:29:50', '2023-12-20 11:29:50'),
(142, ' Memberikan apresiasi terhadap hasil kerja orang lain', 1, 18, '2023-12-20 11:29:50', '2023-12-20 11:29:50'),
(143, ' Memberikan bantuan solusi atas permasalahan yang dihadapi orang lain', 1, 18, '2023-12-20 11:29:50', '2023-12-20 11:29:50'),
(144, ' Mendengarkan secara aktif saat orang lain bicara', 1, 18, '2023-12-20 11:29:50', '2023-12-20 11:29:50'),
(145, ' Memberikan penugasan kepada bawahan sesuai dengan kemampuan bawahan', 1, 19, '2023-12-20 11:29:50', '2023-12-20 11:29:50'),
(146, ' Memberikan kepercayaan pada bawahan untuk bertindak dan membuat keputusan', 1, 19, '2023-12-20 11:29:50', '2023-12-20 11:29:50'),
(147, ' Menyampaikan informasi penting mengenai sasaran yang harus dicapai dari tugas yang diberikan kepada bawahan', 1, 19, '2023-12-20 11:29:50', '2023-12-20 11:29:50'),
(148, ' Meminta bawahan untuk mencari alternatif solusi dalam penyelesaian tugas tertentu', 1, 19, '2023-12-20 11:29:50', '2023-12-20 11:29:50'),
(149, ' Mendukung bawahan dengan berbagai sarana guna mendukung penyelesaian tugas', 1, 19, '2023-12-20 11:29:50', '2023-12-20 11:29:50'),
(150, ' Membimbing dengan memberikan umpan balik yang membangun', 1, 19, '2023-12-20 11:29:50', '2023-12-20 11:29:50'),
(151, ' Mendorong pegawai untuk menyumbangkan pemikiran-pemikirannya melalui program sumbang saran secara formal', 1, 19, '2023-12-20 11:29:50', '2023-12-20 11:29:50'),
(152, ' Melibatkan pegawai untuk menggunakan keterampilan yang lebih bervariasi dalam menyelesaikan pekerjaannya', 1, 19, '2023-12-20 11:29:50', '2023-12-20 11:29:50'),
(153, ' Menampilkan sikap yang ceria dan hangat setiap menghadapi situasi interaktif', 1, 20, '2023-12-20 11:29:50', '2023-12-20 11:29:50'),
(154, ' Mampu menyesuaikan dan melibatkan diri dalam berbagai situasi yang ada', 1, 20, '2023-12-20 11:29:50', '2023-12-20 11:29:50'),
(155, ' Memberikan respon secara spontan dalam menyikapi atau menindaklanjuti suatu masalah', 1, 20, '2023-12-20 11:29:50', '2023-12-20 11:29:50'),
(156, ' Menampilkan sikap positif saat menghadapi situasi yang kurang menarik atau kurang menyenangkan', 1, 20, '2023-12-20 11:29:50', '2023-12-20 11:29:50'),
(157, ' Tetap tampil semangat dan tidak terlihat bosan saat menghadapi tugas-tugas yang sifatnya rutin', 1, 20, '2023-12-20 11:29:50', '2023-12-20 11:29:50'),
(158, ' Berupaya mencari tantangan dan siap mengambil resiko terkait respon dan tindakan yang diambilnya', 1, 20, '2023-12-20 11:29:50', '2023-12-20 11:29:50'),
(159, ' Memiliki energi dan dorongan yang kuat untuk mewujudkan ide-idenya secara konkrit', 1, 20, '2023-12-20 11:29:50', '2023-12-20 11:29:50'),
(160, ' Memiliki rasa percaya yang tinggi dalam menghadapi dan merespon suatu situasi', 1, 20, '2023-12-20 11:29:50', '2023-12-20 11:29:50'),
(161, ' Memperlakukan bawahan sebagai individu dan menghadapinya dengan penuh pengertian', 1, 21, '2023-12-20 11:29:50', '2023-12-20 11:29:50'),
(162, ' Bersikap terbuka dalam berkomunikasi dan berdiskusi dengan staf', 1, 21, '2023-12-20 11:29:50', '2023-12-20 11:29:50'),
(163, ' Menghargai pekerjaan yang dilaksanakan dengan baik oleh bawahan', 1, 21, '2023-12-20 11:29:50', '2023-12-20 11:29:50'),
(164, ' Tidak berpihak pada orang lain atau kelompok tertentu', 1, 21, '2023-12-20 11:29:50', '2023-12-20 11:29:50'),
(165, ' Obyektif dalam melakukan penilaian, coaching & counseling', 1, 21, '2023-12-20 11:29:50', '2023-12-20 11:29:50'),
(166, ' Bersikap bijak dalam mengambil keputusan yang berkaitan dengan staf', 1, 21, '2023-12-20 11:29:50', '2023-12-20 11:29:50'),
(167, ' Memberi kesempatan dan dukungan kepada kepada setiap bawahannya untuk terus mengembangkan diri', 1, 21, '2023-12-20 11:29:50', '2023-12-20 11:29:50'),
(168, ' Siap menampung dan merespon yang menjadi keluhan maupun harapan setiap bawahan', 1, 21, '2023-12-20 11:29:50', '2023-12-20 11:29:50'),
(169, ' Menunjukan keterbukaan terhadap perbedaan tuntutan / kebutuhan', 1, 22, '2023-12-20 11:29:50', '2023-12-20 11:29:50'),
(170, ' Memiliki kesiapan untuk dengan mudah melakukan berbagai hal pada suatu kesempatan / waktu bersamaan', 1, 22, '2023-12-20 11:29:50', '2023-12-20 11:29:50'),
(171, ' Melakukan bermacam-macam tugas sesuai dengan kebutuhan', 1, 22, '2023-12-20 11:29:50', '2023-12-20 11:29:50'),
(172, ' Memodifikasi perilaku agar sesuai dengan tuntutan atau kebutuhan orang lain', 1, 22, '2023-12-20 11:29:50', '2023-12-20 11:29:50'),
(173, ' Menyesuaikan prioritas sebagai tanggapan terhadap kebutuhan berubah', 1, 22, '2023-12-20 11:29:50', '2023-12-20 11:29:50'),
(174, ' Menggunakan berbagai strategi alternatif untuk mencapai tujuan', 1, 22, '2023-12-20 11:29:50', '2023-12-20 11:29:50'),
(175, ' Menunjukkan kesiapan saat menghadapi keadaan yang tidak terduga', 1, 22, '2023-12-20 11:29:50', '2023-12-20 11:29:50'),
(176, ' Menunjukkan kesediaan untuk mencoba pengalaman baru', 1, 22, '2023-12-20 11:29:50', '2023-12-20 11:29:50'),
(177, ' Menunjukkan kesan profesional saat berhadapan dengan orang lain', 1, 23, '2023-12-20 11:29:50', '2023-12-20 11:29:50'),
(178, ' Memperoleh perhatian dan kepercayaan yang cepat dari orang lain', 1, 23, '2023-12-20 11:29:50', '2023-12-20 11:29:50'),
(179, ' Memperlihatkan kesan yakin diri pada waktu berurusan dengan orang lain atau dengan pihak-pihak dari perusahaan lain', 1, 23, '2023-12-20 11:29:50', '2023-12-20 11:29:50'),
(180, ' Senantiasa antusias dan percaya diri dalam menghadapi kesulitan atau situasi baru', 1, 23, '2023-12-20 11:29:50', '2023-12-20 11:29:50'),
(181, ' Berpakaian atau berpenampilan sesuai dengan situasi/acara/peristiwa yang dihadapinya', 1, 23, '2023-12-20 11:29:50', '2023-12-20 11:29:50'),
(182, ' Menunjukkan kesiapan untuk memulai/mengawali kontak/pembicaraan dengan orang lain (pelanggan, tamu-tamu, pengunjung, dll', 1, 23, '2023-12-20 11:29:50', '2023-12-20 11:29:50'),
(183, ' Memperlihatkan ketenangan dan sikap yang bersahaja saat menghadapi suatu situasi', 1, 23, '2023-12-20 11:29:50', '2023-12-20 11:29:50'),
(184, ' Mengembangkan gaya komunikasi verbal (volume suara, intonasi, dsb) dan non verbal (sikap, kontak mata, gesture, dsb) dengan tepat', 1, 23, '2023-12-20 11:29:50', '2023-12-20 11:29:50'),
(185, ' Mengajukan diri untuk membantu orang lain/kelompok dalam menyelesaikan masalah', 1, 24, '2023-12-20 11:29:50', '2023-12-20 11:29:50'),
(186, ' Mencari cara untuk menjadikan pekerjaan lebih mudah atau lebih efektif', 1, 24, '2023-12-20 11:29:50', '2023-12-20 11:29:50'),
(187, ' Mencari dan mengumpulkan informasi tambahan yang berguna', 1, 24, '2023-12-20 11:29:50', '2023-12-20 11:29:50'),
(188, ' Secara aktif mencari solusi sebelum diminta atau diarahkan', 1, 24, '2023-12-20 11:29:50', '2023-12-20 11:29:50'),
(189, ' Membuat alternatif solusi untuk mengantisipasi kemungkinan timbulnya masalah', 1, 24, '2023-12-20 11:29:50', '2023-12-20 11:29:50'),
(190, ' Secara proaktif mencari dan melaksanakan  berbagai penyelesaian baru untuk meningkatkan keefektifan bekerja', 1, 24, '2023-12-20 11:29:50', '2023-12-20 11:29:50'),
(191, ' Mengajukan diri untuk menolong orang lain ketika dibutuhkan', 1, 24, '2023-12-20 11:29:50', '2023-12-20 11:29:50'),
(192, ' Mengambil tindakan untuk memperbaiki keadan tanpa harus menunggu', 1, 24, '2023-12-20 11:29:50', '2023-12-20 11:29:50'),
(193, ' Mencari informasi dari berbagai sumber yang berbeda', 1, 25, '2023-12-20 11:29:50', '2023-12-20 11:29:50'),
(194, ' Melakukan upaya sistematis untuk mendapatkan informasi & umpan balik', 1, 25, '2023-12-20 11:29:50', '2023-12-20 11:29:50'),
(195, ' Mengumpulkan informasi yang relevan dalam jumlah yang tepat', 1, 25, '2023-12-20 11:29:50', '2023-12-20 11:29:50'),
(196, ' Bertanya pada orang lain untuk mengetahui keberatan mereka terhadap ide/pemikirannya', 1, 25, '2023-12-20 11:29:50', '2023-12-20 11:29:50'),
(197, ' Menggali informasi lebih dalam untuk mendapatkan inti permasalahan', 1, 25, '2023-12-20 11:29:50', '2023-12-20 11:29:50'),
(198, ' Memiliki teknik tertentu dalam menggali informasi', 1, 25, '2023-12-20 11:29:50', '2023-12-20 11:29:50'),
(199, ' Mengajukan suatu pertanyaan yang tepat pada orang lain untuk memperoleh informasi yang relevan', 1, 25, '2023-12-20 11:29:50', '2023-12-20 11:29:50'),
(200, ' Mengumpulkan berbagai informasi untuk mencari hubungan di antara data-data yang ada', 1, 25, '2023-12-20 11:29:50', '2023-12-20 11:29:50'),
(201, ' Mencoba menerapkan sesuatu yang di luar kebiasaan', 1, 26, '2023-12-20 11:29:50', '2023-12-20 11:29:50'),
(202, ' Menggunakan  berbagi macam  sumber daya untuk mencari  ide-ide baru', 1, 26, '2023-12-20 11:29:50', '2023-12-20 11:29:50'),
(203, ' Membuat  dan mengevaluasi berbagai penyelesaian untuk menyelesaikan masalah-masalah yang ada', 1, 26, '2023-12-20 11:29:50', '2023-12-20 11:29:50'),
(204, ' Memperbaharui atau mengadakan perubahan untuk memperkenalkan sesuatu yang baru', 1, 26, '2023-12-20 11:29:50', '2023-12-20 11:29:50'),
(205, ' Menetapkan cara baru dalam melaksanakan tugas sehari-hari agar dapat memaksimalkan pencapaian hasil', 1, 26, '2023-12-20 11:29:50', '2023-12-20 11:29:50'),
(206, ' Mengekplorasi  pendekatan pendekatan baru untuk menjalankan operasional bisnis yang lebih baik', 1, 26, '2023-12-20 11:29:50', '2023-12-20 11:29:50'),
(207, ' Mengidentifikasi area yang potensial untuk dilakukan perbaikan dan menemukan solusi terbaik', 1, 26, '2023-12-20 11:29:50', '2023-12-20 11:29:50'),
(208, ' Mengembangkan solusi baru atau cara baru  berdasarkan pengalaman masa lalunya dalam menyelesaikan permasalahan', 1, 26, '2023-12-20 11:29:50', '2023-12-20 11:29:50'),
(209, ' Menunjukkan sikap ramah dan sopan saat berhadapan dengan orang lain', 1, 27, '2023-12-20 11:29:50', '2023-12-20 11:29:50'),
(210, ' Menunjukkan minat untuk mendengarkan dan menanggapi lawan bicara', 1, 27, '2023-12-20 11:29:50', '2023-12-20 11:29:50'),
(211, ' Menjaga harga diri orang lain pada saat berinteraksi', 1, 27, '2023-12-20 11:29:50', '2023-12-20 11:29:50'),
(212, ' Menunjukkan sikap terbuka terhadap  perbedaan pendapat', 1, 27, '2023-12-20 11:29:50', '2023-12-20 11:29:50'),
(213, ' Mengemukakan pendapat secara sopan saat berbeda pendapat', 1, 27, '2023-12-20 11:29:50', '2023-12-20 11:29:50'),
(214, ' Menjalin hubungan baik dengan orang / pihak lain secara berkesinambungan', 1, 27, '2023-12-20 11:29:50', '2023-12-20 11:29:50'),
(215, ' Menunjukkan kesediaan untuk menghargai perbedaan maupun keunikan yang dimiliki setiap orang', 1, 27, '2023-12-20 11:29:50', '2023-12-20 11:29:50'),
(216, ' Menunjukkan kesediaan dan kesiapan untuk terlibat saat berinteraksi dengan orang yang baru dikenal', 1, 27, '2023-12-20 11:29:50', '2023-12-20 11:29:50'),
(217, ' Menentukan tujuan yang sesuai untuk mencapai suatu kondisi yang diharapkan', 1, 28, '2023-12-20 11:29:50', '2023-12-20 11:29:50'),
(218, ' Menggali dan mengembangkan ide orang lain dan saran-sarannya bagi pemecahan masalah', 1, 28, '2023-12-20 11:29:50', '2023-12-20 11:29:50'),
(219, ' Mempengaruhi dan meyakinkan rekan kerja, atasan atau bawahan akan suatu pemikiran/ide', 1, 28, '2023-12-20 11:29:50', '2023-12-20 11:29:50'),
(220, ' Membantu anggota kelompok untuk menemukan metode/ cara kerja yang lebih efektif', 1, 28, '2023-12-20 11:29:50', '2023-12-20 11:29:50'),
(221, ' Memotivasi anggota kelompok untuk terlibat dalam penyelesaian masalah bersama', 1, 28, '2023-12-20 11:29:50', '2023-12-20 11:29:50'),
(222, ' Mengarahkan kelompok untuk mencapai kesepakatan guna mencapai tujuan bersama', 1, 28, '2023-12-20 11:29:50', '2023-12-20 11:29:50'),
(223, ' Menyampaikan nilai2 penting perusahaan untuk menumbuhkan komitmen orang pada penyelesaian tugas', 1, 28, '2023-12-20 11:29:50', '2023-12-20 11:29:50'),
(224, ' Memperoleh kesepakatan atau komitmen  atas ide yang disampaikan kepada orang lain', 1, 28, '2023-12-20 11:29:50', '2023-12-20 11:29:50'),
(225, ' Terbuka untuk menerima pengetahuan dan keahlian baru', 1, 29, '2023-12-20 11:29:50', '2023-12-20 11:29:50'),
(226, ' Menerima dan memahami informasi baru dengan cepat', 1, 29, '2023-12-20 11:29:50', '2023-12-20 11:29:50'),
(227, ' Aktif berpartisipasi dalam berbagai situasi untuk mendapatkan pemahaman dan pengalaman belajar yang maksimal', 1, 29, '2023-12-20 11:29:50', '2023-12-20 11:29:50'),
(228, ' Mencari dan mengidentifikasi sumber-sumber informasi/pengetahuan baru', 1, 29, '2023-12-20 11:29:50', '2023-12-20 11:29:50'),
(229, ' Menerapkan pengetahuan, keterampilan atau keahlian baru yang diperolehnya dalam aktivitas sehari-hari', 1, 29, '2023-12-20 11:29:50', '2023-12-20 11:29:50'),
(230, ' Secara proaktif mencari berbagai cara untuk mendapatkan pengetahuan dan keahlian baru secara terus menerus', 1, 29, '2023-12-20 11:29:50', '2023-12-20 11:29:50'),
(231, ' Secara proaktif mencari berbagai cara untuk mendapatkan pengetahuan dan keahlian baru secara terus menerus', 1, 29, '2023-12-20 11:29:50', '2023-12-20 11:29:50'),
(232, ' Terus-menerus  mencari kemungkinan untuk  pengembangan diri', 1, 29, '2023-12-20 11:29:50', '2023-12-20 11:29:50'),
(233, ' Memeriksa pekerjaan sehingga memenuhi standar yang ditentukan', 1, 30, '2023-12-20 11:29:50', '2023-12-20 11:29:50'),
(234, ' Mentaati kebijakan dan aturan organisasi', 1, 30, '2023-12-20 11:29:50', '2023-12-20 11:29:50'),
(235, ' Menunjukkan minat yang tinggi untuk membaca dan mengetahui   regulasi/ketentuan hukum yang ada', 1, 30, '2023-12-20 11:29:50', '2023-12-20 11:29:50'),
(236, ' Senantiasa mencari tahu/berkonsultasi mengenai resiko hukum yang mungkin timbul dari setiap keputusan yang akan dibuat', 1, 30, '2023-12-20 11:29:50', '2023-12-20 11:29:50'),
(237, ' Konsisten terhadap kesepakatan-kesepakatan yang pernah dilakukan', 1, 30, '2023-12-20 11:29:50', '2023-12-20 11:29:50'),
(238, ' Mengantisipasi resiko-resiko hukum yang mungkin timbul dari setiap keputusan yang akan diambil', 1, 30, '2023-12-20 11:29:50', '2023-12-20 11:29:50'),
(239, ' Berupaya menjaga sikap dan perilaku agar tidak merugikan orang lain', 1, 30, '2023-12-20 11:29:50', '2023-12-20 11:29:50'),
(240, ' Mencoba memahami aturan dan norma yang berlaku di lingkungan sosial', 1, 30, '2023-12-20 11:29:50', '2023-12-20 11:29:50'),
(241, ' Menerima keragaman antar individu di unit kerjanya', 1, 31, '2023-12-20 11:29:50', '2023-12-20 11:29:50'),
(242, ' Menunjukkan atau mengembangkan sikap menghargai dan terbuka terhadap orang lain', 1, 31, '2023-12-20 11:29:50', '2023-12-20 11:29:50'),
(243, ' Menekankan pentingnya kerjasama/ kolaborasi antar individu dalam upaya menyatukan keragaman', 1, 31, '2023-12-20 11:29:50', '2023-12-20 11:29:50'),
(244, ' Mendayagunakan perbedaan untuk meningkatkan efektifitas organisasi / unit kerja', 1, 31, '2023-12-20 11:29:50', '2023-12-20 11:29:50'),
(245, ' Menyatukan keragaman pandangan dalam menyelesaikan persoalan agar diperoleh hasil maksimal dalam mencapai sasaran organisasi', 1, 31, '2023-12-20 11:29:50', '2023-12-20 11:29:50'),
(246, ' Mendorong individu untuk melakukan perbaikan atas masalah yang timbul akibat keberagaman', 1, 31, '2023-12-20 11:29:50', '2023-12-20 11:29:50'),
(247, ' Menyusun strategi untuk mencapai sasaran perusahaan dengan memanfaatkan keragaman', 1, 31, '2023-12-20 11:29:50', '2023-12-20 11:29:50'),
(248, ' Mengidentifikasi situasi-situasi yang berpotensi menimbulkan kesalahpahaman yang disebabkan oleh keragaman yang ada dalam organisasi', 1, 31, '2023-12-20 11:29:50', '2023-12-20 11:29:50'),
(249, ' Mengidentifikasi jenis dan sumber informasi yang dibutuhkan', 1, 32, '2023-12-20 11:29:50', '2023-12-20 11:29:50'),
(250, ' Membuat dan mempersiapkan sistem untuk melakukan monitoring agar dapat dilakukan dengan mudah dan cepat', 1, 32, '2023-12-20 11:29:50', '2023-12-20 11:29:50'),
(251, ' Mengumpulkan informasi secara terus-menerus untuk melihat apakah semuanya berjalan lancar', 1, 32, '2023-12-20 11:29:50', '2023-12-20 11:29:50'),
(252, ' Mengulas informasi yang dikumpulkan dengan rutin untuk menentukan perkembangan dan tindakan yang harus  diambil', 1, 32, '2023-12-20 11:29:50', '2023-12-20 11:29:50'),
(253, ' Menjadwalkan pertemuan yg teratur untuk mereview kemajuan dan berbagi informasi', 1, 32, '2023-12-20 11:29:50', '2023-12-20 11:29:50'),
(254, ' Menyiapkan umpan balik atas hasil kerja anggota tim', 1, 32, '2023-12-20 11:29:50', '2023-12-20 11:29:50'),
(255, ' Menginformasikan  status dari rencana yang sedang dilaksanakan', 1, 32, '2023-12-20 11:29:50', '2023-12-20 11:29:50'),
(256, ' Melakukan survey untuk meyakinkan hasil dari penugasan, baik dari penilaian intenal maupun eksternal', 1, 32, '2023-12-20 11:29:50', '2023-12-20 11:29:50'),
(257, ' Mengidentifikasi topik, kebutuhan, posisi dan masalah yang menjadi perhatian pihak lain', 1, 33, '2023-12-20 11:29:50', '2023-12-20 11:29:50'),
(258, ' Mengidentifikasi posisi kompromi yang sesuai/dapat memenuhi harapan semua pihak', 1, 33, '2023-12-20 11:29:50', '2023-12-20 11:29:50'),
(259, ' Mengidentifikasi bidang-bidang yang disetujui dan bidang-bidang yang tidak disetujui', 1, 33, '2023-12-20 11:29:50', '2023-12-20 11:29:50'),
(260, ' Mempertimbangkan kepentingan kedua belah pihak', 1, 33, '2023-12-20 11:29:50', '2023-12-20 11:29:50'),
(261, ' Menentukan dan mengevaluasi hal-hal spesifik yang menjadi persetujuan dan pertentangan', 1, 33, '2023-12-20 11:29:50', '2023-12-20 11:29:50'),
(262, ' Membuat dan mencari langkah-langkah  alternatif yang dapat mencapai persetujuan', 1, 33, '2023-12-20 11:29:50', '2023-12-20 11:29:50'),
(263, ' Menunjukkan keterbukaan dan kepercayaan pada pihak lain', 1, 33, '2023-12-20 11:29:50', '2023-12-20 11:29:50'),
(264, ' Mengusahakan pencapaian persetujuan dengan menghormati dan melibatkan pihak lain', 1, 33, '2023-12-20 11:29:50', '2023-12-20 11:29:50'),
(265, ' Menunjukan perhatian, antusiasme dn rasa percaya diri untuk berinteraksi dengan orang lain', 1, 34, '2023-12-20 11:29:50', '2023-12-20 11:29:50'),
(266, ' Mengidentifikasi kebutuhan dan kesempatan untuk melakukan kerjasama', 1, 34, '2023-12-20 11:29:50', '2023-12-20 11:29:50'),
(267, ' Mengidentifikasi pihak-pihak (organisasi atau key person) yang akan berada dalam network', 1, 34, '2023-12-20 11:29:50', '2023-12-20 11:29:50'),
(268, ' Melakukan koordinasi dengan key person eksternal perusahaan dalam menjalankan bisnis perusahaan', 1, 34, '2023-12-20 11:29:50', '2023-12-20 11:29:50'),
(269, ' Memanfaatkan hubungan informal dalam meraih sasaran perusahaan', 1, 34, '2023-12-20 11:29:50', '2023-12-20 11:29:50'),
(270, ' Menjalin hubungan kerja secara luas dalam meraih peluang bisnis', 1, 34, '2023-12-20 11:29:50', '2023-12-20 11:29:50'),
(271, ' Memiliki jaringan kerja yang membantunya dalam pertukaran informasi atau ide di antara rekan seprofesi atau dengan kelompok yang punya minat khusus', 1, 34, '2023-12-20 11:29:50', '2023-12-20 11:29:50'),
(272, ' Menunjukkan kemampuan untuk membuka peluang baru saat terlibat dalam situasi interaksi', 1, 34, '2023-12-20 11:29:50', '2023-12-20 11:29:50'),
(273, ' Memahami peran dan tanggung jawab unit kerjanya', 1, 35, '2023-12-20 11:29:50', '2023-12-20 11:29:50'),
(274, ' Memahami keterkaitan antara unit kerjanya dengan unit kerja lain', 1, 35, '2023-12-20 11:29:50', '2023-12-20 11:29:50'),
(275, ' Memiliki pemahaman terhadap arah organisasi', 1, 35, '2023-12-20 11:29:50', '2023-12-20 11:29:50'),
(276, ' Melakukan koordinasi dengan unit organisasi lain dalam menyelesaikan tugas', 1, 35, '2023-12-20 11:29:50', '2023-12-20 11:29:50'),
(277, ' Memanfaatkan kebijakan dan sistem organisasi  untuk menyelesaikan masalah', 1, 35, '2023-12-20 11:29:50', '2023-12-20 11:29:50'),
(278, ' Mengantisipasi pengaruh dan implikasi dari tindakan terhadap orang lain/ unit organisasi lain', 1, 35, '2023-12-20 11:29:50', '2023-12-20 11:29:50'),
(279, ' Memperhitungkan tindakan dari unit lain ketika mengambil keputusan', 1, 35, '2023-12-20 11:29:50', '2023-12-20 11:29:50'),
(280, ' Memahami pengaruh lingkungan eksternal terhadap  perusahaan', 1, 35, '2023-12-20 11:29:50', '2023-12-20 11:29:50'),
(281, ' Mengidentifikasi kekuatan dan kelemahan staf/bawahan atau anggota tim untuk pengembangan diri', 1, 36, '2023-12-20 11:29:50', '2023-12-20 11:29:50'),
(282, ' Merancang atau menyusun kebutuhan pengembangan staf/bawahan atau anggota tim sesuai tuntutan performansi', 1, 36, '2023-12-20 11:29:50', '2023-12-20 11:29:50'),
(283, ' Menyediakan sumber daya untuk program pengembangan yang diperlukan', 1, 36, '2023-12-20 11:29:50', '2023-12-20 11:29:50'),
(284, ' Mendorong bawahan atau orang lain untuk mengembangkan diri secara mandiri', 1, 36, '2023-12-20 11:29:50', '2023-12-20 11:29:50'),
(285, ' Mengembangkan keterampilan staf/bawahan dengan memberikan tugas-tugas khusus', 1, 36, '2023-12-20 11:29:50', '2023-12-20 11:29:50'),
(286, ' Memberikan umpan balik kepada bawahan atau anggota tim untuk peningkatan kinerja', 1, 36, '2023-12-20 11:29:50', '2023-12-20 11:29:50'),
(287, ' Melakukan coaching dan counseling untuk mencapai keberhasilan dan kemajuan staf', 1, 36, '2023-12-20 11:29:50', '2023-12-20 11:29:50'),
(288, ' Mengawasi perkembangan yang terjadi di dalam usaha tujuan pencapaian pengembangan', 1, 36, '2023-12-20 11:29:50', '2023-12-20 11:29:50'),
(289, ' Menyampaikan ide untuk mempengaruhi pendapat, sikap atau tindakan orang lain', 1, 37, '2023-12-20 11:29:50', '2023-12-20 11:29:50'),
(290, ' Menemukan kebutuhan-kebutuhan yang diharapkan dengan cara bertanya', 1, 37, '2023-12-20 11:29:50', '2023-12-20 11:29:50'),
(291, ' Menggunakan logika atau informasi yang dapat dipercaya sehingga dapat meyakinkan', 1, 37, '2023-12-20 11:29:50', '2023-12-20 11:29:50'),
(292, ' Menggunakan teknik dan pendekatan yang tepat untuk menanggulangi resitensi/penolakan', 1, 37, '2023-12-20 11:29:50', '2023-12-20 11:29:50'),
(293, ' Mengkaitkan keuntungan/ permasalahan pada kebutuhan dan minat orang lain', 1, 37, '2023-12-20 11:29:50', '2023-12-20 11:29:50'),
(294, ' Mendapatkan komitmen orang lain untuk bertindak sesuai yang diharapkan', 1, 37, '2023-12-20 11:29:50', '2023-12-20 11:29:50'),
(295, ' Memperlihatkan pemahaman dan minat dengan cara memberikan pertimbangan-pertimbangan', 1, 37, '2023-12-20 11:29:50', '2023-12-20 11:29:50'),
(296, ' Mengembangkan ide-ide dan saran-saran orang lain', 1, 37, '2023-12-20 11:29:50', '2023-12-20 11:29:50'),
(297, ' Menetapkan tujuan/sasaran yang ingin dicapai', 1, 38, '2023-12-20 11:29:50', '2023-12-20 11:29:50'),
(298, ' Menyusun langkah-langkah atau kegiatan untuk mencapai sasaran yang ditetapkan', 1, 38, '2023-12-20 11:29:50', '2023-12-20 11:29:50'),
(299, ' Menetapkan program atau kegiatan untuk mencapai sasaran yang ditetapkan', 1, 38, '2023-12-20 11:29:50', '2023-12-20 11:29:50'),
(300, ' Menyusun prioritas atas program-program yang telah ditetapkan', 1, 38, '2023-12-20 11:29:50', '2023-12-20 11:29:50'),
(301, ' Mengalokasikan berbagai sumber daya yang diperlukan untuk mencapai sasaran-sasaran yang telah ditetapkan', 1, 38, '2023-12-20 11:29:50', '2023-12-20 11:29:50'),
(302, ' Mengidentifikasi berbagai kemungkinan yang dapat menghambat pencapaian sasaran', 1, 38, '2023-12-20 11:29:50', '2023-12-20 11:29:50'),
(303, ' Mempersiapkan mitigasi atas berbagai hambatan yang diidentifikasi', 1, 38, '2023-12-20 11:29:50', '2023-12-20 11:29:50'),
(304, ' Menyusun rencana-rencana monitoring untuk memastikan segala sesuatunya berjalan sesuai rencana', 1, 38, '2023-12-20 11:29:50', '2023-12-20 11:29:50'),
(305, ' Mengkalkulasi potensi untung dan rugi dari alternatif tindakan yang diusulkan', 1, 39, '2023-12-20 11:29:50', '2023-12-20 11:29:50'),
(306, ' Mengukur resiko, upaya, dan/atau biaya yang ditanggung dari suatu alternatif tindakan yang diusulkan', 1, 39, '2023-12-20 11:29:50', '2023-12-20 11:29:50'),
(307, ' Mempertimbangkan kembali akan muncul tidaknya peluang tersebut bila tidak mengambil alternatif tindakan yang diusulkan', 1, 39, '2023-12-20 11:29:50', '2023-12-20 11:29:50'),
(308, ' Melakukan tindakan yang memiliki kemungkinan berhasil, meski belum menjamin', 1, 39, '2023-12-20 11:29:50', '2023-12-20 11:29:50'),
(309, ' Menanggung resiko bilamana hasil dari tindakan yang diambil tidak sesuai dengan yang diharapkan', 1, 39, '2023-12-20 11:29:50', '2023-12-20 11:29:50'),
(310, ' Memandang resiko yang mungkin muncul sebagai uji coba (eksperimen), yang bisa berhasil dan tidak berhasil', 1, 39, '2023-12-20 11:29:50', '2023-12-20 11:29:50'),
(311, ' Memperhitungkan kembali dampak dari mengambil resiko dan tidak mengambil resiko', 1, 39, '2023-12-20 11:29:50', '2023-12-20 11:29:50'),
(312, ' Mengambil tindakan perkecualian terhadap suatu situasi sesuai masukan yang diperoleh sebelumnya dari pihak yang berpengalaman', 1, 39, '2023-12-20 11:29:50', '2023-12-20 11:29:50'),
(313, ' Memiliki kepercayaan pada diri sendiri dalam melakukan sesuatu', 1, 40, '2023-12-20 11:29:50', '2023-12-20 11:29:50'),
(314, ' Menampilkan citra yang positif pada orang lain', 1, 40, '2023-12-20 11:29:50', '2023-12-20 11:29:50'),
(315, ' Memperlihatkan kesan yakin diri pada saat berhadapan dengan orang/pihak lain', 1, 40, '2023-12-20 11:29:50', '2023-12-20 11:29:50'),
(316, ' Senantiasa tenang, antusias dan percaya diri dalam menghadapi kesulitan', 1, 40, '2023-12-20 11:29:50', '2023-12-20 11:29:50'),
(317, ' Mendapatkan perhatian dan kepercayaan dari orang lain', 1, 40, '2023-12-20 11:29:50', '2023-12-20 11:29:50'),
(318, ' Mengambil tanggung jawab yang lebih dari rekan yang lain untuk mendapatkan standar hasil kerja yang tinggi', 1, 40, '2023-12-20 11:29:50', '2023-12-20 11:29:50'),
(319, ' Menunjukkan keberanian untuk mencoba sesuatu yang baru', 1, 40, '2023-12-20 11:29:50', '2023-12-20 11:29:50'),
(320, ' Menunjukkan kesiapan untuk melangkah maju, dan akan menjadikan kegagalan sebagai pelajaran dan bahan perbaikan', 1, 40, '2023-12-20 11:29:50', '2023-12-20 11:29:50'),
(321, ' Bertanggung jawab terhadap tindakan-tindakan yang diambil', 1, 41, '2023-12-20 11:29:50', '2023-12-20 11:29:50'),
(322, ' Membuat rencana kerja secara sistematis', 1, 41, '2023-12-20 11:29:50', '2023-12-20 11:29:50'),
(323, ' Melaksanakan rencana kerja secara konsisten', 1, 41, '2023-12-20 11:29:50', '2023-12-20 11:29:50'),
(324, ' Bersikap tenang dalam menghadapi situasi yang penuh tekanan', 1, 41, '2023-12-20 11:29:50', '2023-12-20 11:29:50'),
(325, ' Melakukan evaluasi diri dan mengupayakan perbaikan guna peningkatan performansi', 1, 41, '2023-12-20 11:29:50', '2023-12-20 11:29:50'),
(326, ' Memiliki keyakinan akan kemampuan untuk menyelesaikan pekerjaan', 1, 41, '2023-12-20 11:29:50', '2023-12-20 11:29:50'),
(327, ' Secara teratur berpartisipasi dalam berbagai aktifitas yang  dapat memelihara fisik dan mental', 1, 41, '2023-12-20 11:29:50', '2023-12-20 11:29:50'),
(328, ' Mengevaluasi kelebihan dan kelemahan pribadi dan memanfaatkan umpan balik sebagai kesempatan untuk berkembang', 1, 41, '2023-12-20 11:29:50', '2023-12-20 11:29:50'),
(329, ' Memusatkan perhatian pada masalah-masalah yang lebih luas', 1, 42, '2023-12-20 11:29:50', '2023-12-20 11:29:50'),
(330, ' Menentukan arah yang akan diambil dan tujuan yang sesuai untuk mencapai suatu kondisi yang diharapkan', 1, 42, '2023-12-20 11:29:50', '2023-12-20 11:29:50'),
(331, ' Memperhitungkan resiko atas keputusan strategis yang diambil', 1, 42, '2023-12-20 11:29:50', '2023-12-20 11:29:50'),
(332, ' Mengembangkan langkah-langkah strategis untuk meningkatkan kapabilitas perusahaan', 1, 42, '2023-12-20 11:29:50', '2023-12-20 11:29:50'),
(333, ' Memiliki visi untuk mengembangkan perusahaan/ organisasi', 1, 42, '2023-12-20 11:29:50', '2023-12-20 11:29:50'),
(334, ' Menyelaraskan strategi perusahaan dengan perubahan-perubahan eksternal', 1, 42, '2023-12-20 11:29:50', '2023-12-20 11:29:50'),
(335, ' Mengidentifikasi berbagai sumber daya potential untuk mencapai tujuan organisasi', 1, 42, '2023-12-20 11:29:50', '2023-12-20 11:29:50'),
(336, ' Memanfaatkan isu-isu makro untuk mengidentifikasi dampaknya terhadap strategi organisasi dalam jangka panjang', 1, 42, '2023-12-20 11:29:50', '2023-12-20 11:29:50'),
(337, ' Menunjukkan kesediaan membantu orang lain dalam mengatasi permasalahan', 1, 43, '2023-12-20 11:29:50', '2023-12-20 11:29:50'),
(338, ' Mendukung keputusan yang disepakati bersama', 1, 43, '2023-12-20 11:29:50', '2023-12-20 11:29:50'),
(339, ' Menghargai kemampuan, pendapat atau kontribusi orang lain', 1, 43, '2023-12-20 11:29:50', '2023-12-20 11:29:50'),
(340, ' Menyelaraskan tujuan individu dengan tujuan tim', 1, 43, '2023-12-20 11:29:50', '2023-12-20 11:29:50'),
(341, ' Membagi pengetahuan, pendapat dan gagasan dalam proses pengambilan keputusan tim', 1, 43, '2023-12-20 11:29:50', '2023-12-20 11:29:50'),
(342, ' Mengembangkan ide rekan kerja atau anggota tim', 1, 43, '2023-12-20 11:29:50', '2023-12-20 11:29:50'),
(343, ' Mengecek persetujuan dan mendapatkan komitmen untuk mencapai tujuan', 1, 43, '2023-12-20 11:29:50', '2023-12-20 11:29:50'),
(344, ' Mendefinisikan permasalahan dalam cara-cara yang tidak memojokan/mengancam', 1, 43, '2023-12-20 11:29:50', '2023-12-20 11:29:50'),
(345, ' Bekerja dengan aktif untuk mencapai tujuan meskipun menghadapi berbagai kesulitan dan rintangan', 1, 44, '2023-12-20 11:29:50', '2023-12-20 11:29:50'),
(346, ' Menggunakan berbagai strategi alternatif untuk mencapai tujuan-tujuan yang berat', 1, 44, '2023-12-20 11:29:50', '2023-12-20 11:29:50'),
(347, ' Meningkatkan usaha dan berbagai sumber daya untuk mencapai tujuan-tujuan yang berat', 1, 44, '2023-12-20 11:29:50', '2023-12-20 11:29:50'),
(348, ' Gigih dalam mengatasi berbagai rintangan', 1, 44, '2023-12-20 11:29:50', '2023-12-20 11:29:50'),
(349, ' Tetap tegas dan pantang menyerah walaupun berada dalam situasi yang sulit', 1, 44, '2023-12-20 11:29:50', '2023-12-20 11:29:50'),
(350, ' Mempertahankan pendekatan yang ajeg agar dapat mencapai sasaran', 1, 44, '2023-12-20 11:29:50', '2023-12-20 11:29:50'),
(351, ' Mengungkapkan kembali informasi yang akurat meskipun pada awalnya tidak diterima atau didengar', 1, 44, '2023-12-20 11:29:50', '2023-12-20 11:29:50'),
(352, ' Menunjukkan komitmen dan upaya keras untuk tetap menyelesaikan pekerjaan sesuai dengan rencana awal yang dibuat', 1, 44, '2023-12-20 11:29:50', '2023-12-20 11:29:50'),
(353, ' Bekerja dengan baik walaupun dibawah tenggat waktu yang ketat', 1, 45, '2023-12-20 11:29:50', '2023-12-20 11:29:50'),
(354, ' Tetap menunjukkan hasil kerja yang stabil ketika menghadapi akibat sikap-sikap yang menentang /oposisi', 1, 45, '2023-12-20 11:29:50', '2023-12-20 11:29:50'),
(355, ' Senantiasa menangani kritik dengan sikap tenang', 1, 45, '2023-12-20 11:29:50', '2023-12-20 11:29:50'),
(356, ' Menyelesaikan berbagai pekerjaan yang berbeda dalam waktu bersamaan', 1, 45, '2023-12-20 11:29:50', '2023-12-20 11:29:50'),
(357, ' Tetap bekerja maksimal pada saat menghadapi tekanan akibat beban dan tanggung jawab pekerjaan', 1, 45, '2023-12-20 11:29:50', '2023-12-20 11:29:50'),
(358, ' Tetap berfungsi secara konsisten ketika terjadi perubahan tiba-tiba dalam kebijaksanaan atau petunjuk', 1, 45, '2023-12-20 11:29:50', '2023-12-20 11:29:50'),
(359, ' Tetap mempertahankan standar kerja ketika menghadapi penolakan', 1, 45, '2023-12-20 11:29:50', '2023-12-20 11:29:50'),
(360, ' Tetap mempertahankan antusiasme meskipun banyak hal tidak berjalan lancar', 1, 45, '2023-12-20 11:29:50', '2023-12-20 11:29:50');

-- --------------------------------------------------------

--
-- Table structure for table `role`
--

CREATE TABLE `role` (
  `id` int(11) NOT NULL,
  `role` varchar(50) NOT NULL,
  `created_at` varchar(128) NOT NULL,
  `updated_at` varchar(128) NOT NULL
) ENGINE=InnoDB DEFAULT CHARSET=utf8mb4;

--
-- Dumping data for table `role`
--

INSERT INTO `role` (`id`, `role`, `created_at`, `updated_at`) VALUES
(1, 'Admin', '2023-12-19 20:50:26', '2023-12-19 20:50:26'),
(2, 'Clients', '2023-12-19 22:30:29', '2023-12-19 22:30:29');

-- --------------------------------------------------------

--
-- Table structure for table `trn_survey`
--

CREATE TABLE `trn_survey` (
  `id` int(11) NOT NULL,
  `client_id` int(5) NOT NULL,
  `event_id` int(5) NOT NULL,
  `responden_name` varchar(128) NOT NULL,
  `email` varchar(128) NOT NULL,
  `no_telp` varchar(15) NOT NULL,
  `born_date` date NOT NULL,
  `work_level` varchar(128) NOT NULL,
  `gender` tinyint(2) NOT NULL,
  `survey` text NOT NULL,
  `created_at` timestamp NOT NULL DEFAULT current_timestamp(),
  `updated_at` timestamp NOT NULL DEFAULT current_timestamp(),
  `survey_created_at` timestamp NOT NULL DEFAULT current_timestamp()
) ENGINE=InnoDB DEFAULT CHARSET=utf8mb4;

--
-- Dumping data for table `trn_survey`
--

INSERT INTO `trn_survey` (`id`, `client_id`, `event_id`, `responden_name`, `email`, `no_telp`, `born_date`, `work_level`, `gender`, `survey`, `created_at`, `updated_at`, `survey_created_at`) VALUES
(7, 1, 1, 'Muhamad Aliwafa', 'aliwafamuhamad16@gmail.com', '085157554086', '1999-12-16', 'Staf IT', 1, '{\"distribusi_jawaban\":[{\"id\":1,\"name\":\"pernyataan_1\",\"kepentingan\":2,\"frekuensi\":4,\"total_value\":3,\"kompetensi\":1},{\"id\":2,\"name\":\"pernyataan_2\",\"kepentingan\":3,\"frekuensi\":5,\"total_value\":4,\"kompetensi\":1},{\"id\":3,\"name\":\"pernyataan_3\",\"kepentingan\":4,\"frekuensi\":5,\"total_value\":4.5,\"kompetensi\":1},{\"id\":4,\"name\":\"pernyataan_4\",\"kepentingan\":2,\"frekuensi\":5,\"total_value\":3.5,\"kompetensi\":1},{\"id\":5,\"name\":\"pernyataan_5\",\"kepentingan\":1,\"frekuensi\":2,\"total_value\":1.5,\"kompetensi\":1},{\"id\":6,\"name\":\"pernyataan_6\",\"kepentingan\":3,\"frekuensi\":4,\"total_value\":3.5,\"kompetensi\":1},{\"id\":7,\"name\":\"pernyataan_7\",\"kepentingan\":4,\"frekuensi\":5,\"total_value\":4.5,\"kompetensi\":1},{\"id\":8,\"name\":\"pernyataan_8\",\"kepentingan\":2,\"frekuensi\":0,\"total_value\":1,\"kompetensi\":1},{\"id\":9,\"name\":\"pernyataan_9\",\"kepentingan\":3,\"frekuensi\":4,\"total_value\":3.5,\"kompetensi\":2},{\"id\":10,\"name\":\"pernyataan_10\",\"kepentingan\":4,\"frekuensi\":2,\"total_value\":3,\"kompetensi\":2},{\"id\":11,\"name\":\"pernyataan_11\",\"kepentingan\":4,\"frekuensi\":2,\"total_value\":3,\"kompetensi\":2},{\"id\":12,\"name\":\"pernyataan_12\",\"kepentingan\":3,\"frekuensi\":5,\"total_value\":4,\"kompetensi\":2},{\"id\":13,\"name\":\"pernyataan_13\",\"kepentingan\":4,\"frekuensi\":1,\"total_value\":2.5,\"kompetensi\":2},{\"id\":14,\"name\":\"pernyataan_14\",\"kepentingan\":3,\"frekuensi\":5,\"total_value\":4,\"kompetensi\":2},{\"id\":15,\"name\":\"pernyataan_15\",\"kepentingan\":1,\"frekuensi\":0,\"total_value\":0.5,\"kompetensi\":2},{\"id\":16,\"name\":\"pernyataan_16\",\"kepentingan\":1,\"frekuensi\":5,\"total_value\":3,\"kompetensi\":2},{\"id\":17,\"name\":\"pernyataan_17\",\"kepentingan\":3,\"frekuensi\":0,\"total_value\":1.5,\"kompetensi\":3},{\"id\":18,\"name\":\"pernyataan_18\",\"kepentingan\":4,\"frekuensi\":5,\"total_value\":4.5,\"kompetensi\":3},{\"id\":19,\"name\":\"pernyataan_19\",\"kepentingan\":4,\"frekuensi\":0,\"total_value\":2,\"kompetensi\":3},{\"id\":20,\"name\":\"pernyataan_20\",\"kepentingan\":4,\"frekuensi\":4,\"total_value\":4,\"kompetensi\":3},{\"id\":21,\"name\":\"pernyataan_21\",\"kepentingan\":4,\"frekuensi\":4,\"total_value\":4,\"kompetensi\":3},{\"id\":22,\"name\":\"pernyataan_22\",\"kepentingan\":3,\"frekuensi\":2,\"total_value\":2.5,\"kompetensi\":3},{\"id\":23,\"name\":\"pernyataan_23\",\"kepentingan\":4,\"frekuensi\":5,\"total_value\":4.5,\"kompetensi\":3},{\"id\":24,\"name\":\"pernyataan_24\",\"kepentingan\":1,\"frekuensi\":1,\"total_value\":1,\"kompetensi\":3},{\"id\":25,\"name\":\"pernyataan_25\",\"kepentingan\":2,\"frekuensi\":2,\"total_value\":2,\"kompetensi\":4},{\"id\":26,\"name\":\"pernyataan_26\",\"kepentingan\":4,\"frekuensi\":4,\"total_value\":4,\"kompetensi\":4},{\"id\":27,\"name\":\"pernyataan_27\",\"kepentingan\":2,\"frekuensi\":1,\"total_value\":1.5,\"kompetensi\":4},{\"id\":28,\"name\":\"pernyataan_28\",\"kepentingan\":3,\"frekuensi\":1,\"total_value\":2,\"kompetensi\":4},{\"id\":29,\"name\":\"pernyataan_29\",\"kepentingan\":4,\"frekuensi\":2,\"total_value\":3,\"kompetensi\":4},{\"id\":30,\"name\":\"pernyataan_30\",\"kepentingan\":2,\"frekuensi\":1,\"total_value\":1.5,\"kompetensi\":4},{\"id\":31,\"name\":\"pernyataan_31\",\"kepentingan\":2,\"frekuensi\":2,\"total_value\":2,\"kompetensi\":4},{\"id\":32,\"name\":\"pernyataan_32\",\"kepentingan\":2,\"frekuensi\":2,\"total_value\":2,\"kompetensi\":4},{\"id\":33,\"name\":\"pernyataan_33\",\"kepentingan\":2,\"frekuensi\":5,\"total_value\":3.5,\"kompetensi\":5},{\"id\":34,\"name\":\"pernyataan_34\",\"kepentingan\":1,\"frekuensi\":2,\"total_value\":1.5,\"kompetensi\":5},{\"id\":35,\"name\":\"pernyataan_35\",\"kepentingan\":4,\"frekuensi\":2,\"total_value\":3,\"kompetensi\":5},{\"id\":36,\"name\":\"pernyataan_36\",\"kepentingan\":1,\"frekuensi\":1,\"total_value\":1,\"kompetensi\":5},{\"id\":37,\"name\":\"pernyataan_37\",\"kepentingan\":4,\"frekuensi\":3,\"total_value\":3.5,\"kompetensi\":5},{\"id\":38,\"name\":\"pernyataan_38\",\"kepentingan\":1,\"frekuensi\":4,\"total_value\":2.5,\"kompetensi\":5},{\"id\":39,\"name\":\"pernyataan_39\",\"kepentingan\":1,\"frekuensi\":0,\"total_value\":0.5,\"kompetensi\":5},{\"id\":40,\"name\":\"pernyataan_40\",\"kepentingan\":2,\"frekuensi\":3,\"total_value\":2.5,\"kompetensi\":5},{\"id\":41,\"name\":\"pernyataan_41\",\"kepentingan\":1,\"frekuensi\":5,\"total_value\":3,\"kompetensi\":6},{\"id\":42,\"name\":\"pernyataan_42\",\"kepentingan\":2,\"frekuensi\":3,\"total_value\":2.5,\"kompetensi\":6},{\"id\":43,\"name\":\"pernyataan_43\",\"kepentingan\":4,\"frekuensi\":0,\"total_value\":2,\"kompetensi\":6},{\"id\":44,\"name\":\"pernyataan_44\",\"kepentingan\":1,\"frekuensi\":2,\"total_value\":1.5,\"kompetensi\":6},{\"id\":45,\"name\":\"pernyataan_45\",\"kepentingan\":1,\"frekuensi\":1,\"total_value\":1,\"kompetensi\":6},{\"id\":46,\"name\":\"pernyataan_46\",\"kepentingan\":2,\"frekuensi\":3,\"total_value\":2.5,\"kompetensi\":6},{\"id\":47,\"name\":\"pernyataan_47\",\"kepentingan\":3,\"frekuensi\":1,\"total_value\":2,\"kompetensi\":6},{\"id\":48,\"name\":\"pernyataan_48\",\"kepentingan\":2,\"frekuensi\":2,\"total_value\":2,\"kompetensi\":6},{\"id\":49,\"name\":\"pernyataan_49\",\"kepentingan\":2,\"frekuensi\":3,\"total_value\":2.5,\"kompetensi\":7},{\"id\":50,\"name\":\"pernyataan_50\",\"kepentingan\":1,\"frekuensi\":0,\"total_value\":0.5,\"kompetensi\":7},{\"id\":51,\"name\":\"pernyataan_51\",\"kepentingan\":2,\"frekuensi\":3,\"total_value\":2.5,\"kompetensi\":7},{\"id\":52,\"name\":\"pernyataan_52\",\"kepentingan\":4,\"frekuensi\":4,\"total_value\":4,\"kompetensi\":7},{\"id\":53,\"name\":\"pernyataan_53\",\"kepentingan\":4,\"frekuensi\":3,\"total_value\":3.5,\"kompetensi\":7},{\"id\":54,\"name\":\"pernyataan_54\",\"kepentingan\":1,\"frekuensi\":4,\"total_value\":2.5,\"kompetensi\":7},{\"id\":55,\"name\":\"pernyataan_55\",\"kepentingan\":4,\"frekuensi\":0,\"total_value\":2,\"kompetensi\":7},{\"id\":56,\"name\":\"pernyataan_56\",\"kepentingan\":3,\"frekuensi\":1,\"total_value\":2,\"kompetensi\":7},{\"id\":57,\"name\":\"pernyataan_57\",\"kepentingan\":2,\"frekuensi\":4,\"total_value\":3,\"kompetensi\":8},{\"id\":58,\"name\":\"pernyataan_58\",\"kepentingan\":3,\"frekuensi\":4,\"total_value\":3.5,\"kompetensi\":8},{\"id\":59,\"name\":\"pernyataan_59\",\"kepentingan\":3,\"frekuensi\":0,\"total_value\":1.5,\"kompetensi\":8},{\"id\":60,\"name\":\"pernyataan_60\",\"kepentingan\":3,\"frekuensi\":0,\"total_value\":1.5,\"kompetensi\":8},{\"id\":61,\"name\":\"pernyataan_61\",\"kepentingan\":4,\"frekuensi\":5,\"total_value\":4.5,\"kompetensi\":8},{\"id\":62,\"name\":\"pernyataan_62\",\"kepentingan\":2,\"frekuensi\":4,\"total_value\":3,\"kompetensi\":8},{\"id\":63,\"name\":\"pernyataan_63\",\"kepentingan\":3,\"frekuensi\":1,\"total_value\":2,\"kompetensi\":8},{\"id\":64,\"name\":\"pernyataan_64\",\"kepentingan\":3,\"frekuensi\":5,\"total_value\":4,\"kompetensi\":8},{\"id\":65,\"name\":\"pernyataan_65\",\"kepentingan\":2,\"frekuensi\":0,\"total_value\":1,\"kompetensi\":9},{\"id\":66,\"name\":\"pernyataan_66\",\"kepentingan\":1,\"frekuensi\":2,\"total_value\":1.5,\"kompetensi\":9},{\"id\":67,\"name\":\"pernyataan_67\",\"kepentingan\":1,\"frekuensi\":1,\"total_value\":1,\"kompetensi\":9},{\"id\":68,\"name\":\"pernyataan_68\",\"kepentingan\":2,\"frekuensi\":4,\"total_value\":3,\"kompetensi\":9},{\"id\":69,\"name\":\"pernyataan_69\",\"kepentingan\":4,\"frekuensi\":5,\"total_value\":4.5,\"kompetensi\":9},{\"id\":70,\"name\":\"pernyataan_70\",\"kepentingan\":1,\"frekuensi\":0,\"total_value\":0.5,\"kompetensi\":9},{\"id\":71,\"name\":\"pernyataan_71\",\"kepentingan\":1,\"frekuensi\":1,\"total_value\":1,\"kompetensi\":9},{\"id\":72,\"name\":\"pernyataan_72\",\"kepentingan\":3,\"frekuensi\":1,\"total_value\":2,\"kompetensi\":9},{\"id\":73,\"name\":\"pernyataan_73\",\"kepentingan\":3,\"frekuensi\":1,\"total_value\":2,\"kompetensi\":10},{\"id\":74,\"name\":\"pernyataan_74\",\"kepentingan\":2,\"frekuensi\":4,\"total_value\":3,\"kompetensi\":10},{\"id\":75,\"name\":\"pernyataan_75\",\"kepentingan\":4,\"frekuensi\":4,\"total_value\":4,\"kompetensi\":10},{\"id\":76,\"name\":\"pernyataan_76\",\"kepentingan\":3,\"frekuensi\":1,\"total_value\":2,\"kompetensi\":10},{\"id\":77,\"name\":\"pernyataan_77\",\"kepentingan\":2,\"frekuensi\":1,\"total_value\":1.5,\"kompetensi\":10},{\"id\":78,\"name\":\"pernyataan_78\",\"kepentingan\":2,\"frekuensi\":2,\"total_value\":2,\"kompetensi\":10},{\"id\":79,\"name\":\"pernyataan_79\",\"kepentingan\":1,\"frekuensi\":4,\"total_value\":2.5,\"kompetensi\":10},{\"id\":80,\"name\":\"pernyataan_80\",\"kepentingan\":4,\"frekuensi\":5,\"total_value\":4.5,\"kompetensi\":10},{\"id\":81,\"name\":\"pernyataan_81\",\"kepentingan\":3,\"frekuensi\":4,\"total_value\":3.5,\"kompetensi\":11},{\"id\":82,\"name\":\"pernyataan_82\",\"kepentingan\":4,\"frekuensi\":5,\"total_value\":4.5,\"kompetensi\":11},{\"id\":83,\"name\":\"pernyataan_83\",\"kepentingan\":4,\"frekuensi\":3,\"total_value\":3.5,\"kompetensi\":11},{\"id\":84,\"name\":\"pernyataan_84\",\"kepentingan\":4,\"frekuensi\":3,\"total_value\":3.5,\"kompetensi\":11},{\"id\":85,\"name\":\"pernyataan_85\",\"kepentingan\":2,\"frekuensi\":5,\"total_value\":3.5,\"kompetensi\":11},{\"id\":86,\"name\":\"pernyataan_86\",\"kepentingan\":1,\"frekuensi\":0,\"total_value\":0.5,\"kompetensi\":11},{\"id\":87,\"name\":\"pernyataan_87\",\"kepentingan\":1,\"frekuensi\":1,\"total_value\":1,\"kompetensi\":11},{\"id\":88,\"name\":\"pernyataan_88\",\"kepentingan\":1,\"frekuensi\":2,\"total_value\":1.5,\"kompetensi\":11},{\"id\":89,\"name\":\"pernyataan_89\",\"kepentingan\":4,\"frekuensi\":3,\"total_value\":3.5,\"kompetensi\":12},{\"id\":90,\"name\":\"pernyataan_90\",\"kepentingan\":4,\"frekuensi\":1,\"total_value\":2.5,\"kompetensi\":12},{\"id\":91,\"name\":\"pernyataan_91\",\"kepentingan\":2,\"frekuensi\":3,\"total_value\":2.5,\"kompetensi\":12},{\"id\":92,\"name\":\"pernyataan_92\",\"kepentingan\":2,\"frekuensi\":1,\"total_value\":1.5,\"kompetensi\":12},{\"id\":93,\"name\":\"pernyataan_93\",\"kepentingan\":1,\"frekuensi\":2,\"total_value\":1.5,\"kompetensi\":12},{\"id\":94,\"name\":\"pernyataan_94\",\"kepentingan\":2,\"frekuensi\":0,\"total_value\":1,\"kompetensi\":12},{\"id\":95,\"name\":\"pernyataan_95\",\"kepentingan\":1,\"frekuensi\":2,\"total_value\":1.5,\"kompetensi\":12},{\"id\":96,\"name\":\"pernyataan_96\",\"kepentingan\":3,\"frekuensi\":4,\"total_value\":3.5,\"kompetensi\":12},{\"id\":97,\"name\":\"pernyataan_97\",\"kepentingan\":4,\"frekuensi\":4,\"total_value\":4,\"kompetensi\":13},{\"id\":98,\"name\":\"pernyataan_98\",\"kepentingan\":4,\"frekuensi\":5,\"total_value\":4.5,\"kompetensi\":13},{\"id\":99,\"name\":\"pernyataan_99\",\"kepentingan\":3,\"frekuensi\":3,\"total_value\":3,\"kompetensi\":13},{\"id\":100,\"name\":\"pernyataan_100\",\"kepentingan\":1,\"frekuensi\":3,\"total_value\":2,\"kompetensi\":13},{\"id\":101,\"name\":\"pernyataan_101\",\"kepentingan\":1,\"frekuensi\":5,\"total_value\":3,\"kompetensi\":13},{\"id\":102,\"name\":\"pernyataan_102\",\"kepentingan\":1,\"frekuensi\":2,\"total_value\":1.5,\"kompetensi\":13},{\"id\":103,\"name\":\"pernyataan_103\",\"kepentingan\":3,\"frekuensi\":2,\"total_value\":2.5,\"kompetensi\":13},{\"id\":104,\"name\":\"pernyataan_104\",\"kepentingan\":3,\"frekuensi\":2,\"total_value\":2.5,\"kompetensi\":13},{\"id\":105,\"name\":\"pernyataan_105\",\"kepentingan\":1,\"frekuensi\":2,\"total_value\":1.5,\"kompetensi\":14},{\"id\":106,\"name\":\"pernyataan_106\",\"kepentingan\":3,\"frekuensi\":0,\"total_value\":1.5,\"kompetensi\":14},{\"id\":107,\"name\":\"pernyataan_107\",\"kepentingan\":1,\"frekuensi\":5,\"total_value\":3,\"kompetensi\":14},{\"id\":108,\"name\":\"pernyataan_108\",\"kepentingan\":3,\"frekuensi\":0,\"total_value\":1.5,\"kompetensi\":14},{\"id\":109,\"name\":\"pernyataan_109\",\"kepentingan\":2,\"frekuensi\":4,\"total_value\":3,\"kompetensi\":14},{\"id\":110,\"name\":\"pernyataan_110\",\"kepentingan\":3,\"frekuensi\":0,\"total_value\":1.5,\"kompetensi\":14},{\"id\":111,\"name\":\"pernyataan_111\",\"kepentingan\":3,\"frekuensi\":5,\"total_value\":4,\"kompetensi\":14},{\"id\":112,\"name\":\"pernyataan_112\",\"kepentingan\":1,\"frekuensi\":4,\"total_value\":2.5,\"kompetensi\":14},{\"id\":113,\"name\":\"pernyataan_113\",\"kepentingan\":2,\"frekuensi\":4,\"total_value\":3,\"kompetensi\":15},{\"id\":114,\"name\":\"pernyataan_114\",\"kepentingan\":4,\"frekuensi\":3,\"total_value\":3.5,\"kompetensi\":15},{\"id\":115,\"name\":\"pernyataan_115\",\"kepentingan\":4,\"frekuensi\":0,\"total_value\":2,\"kompetensi\":15},{\"id\":116,\"name\":\"pernyataan_116\",\"kepentingan\":1,\"frekuensi\":5,\"total_value\":3,\"kompetensi\":15},{\"id\":117,\"name\":\"pernyataan_117\",\"kepentingan\":1,\"frekuensi\":0,\"total_value\":0.5,\"kompetensi\":15},{\"id\":118,\"name\":\"pernyataan_118\",\"kepentingan\":3,\"frekuensi\":3,\"total_value\":3,\"kompetensi\":15},{\"id\":119,\"name\":\"pernyataan_119\",\"kepentingan\":3,\"frekuensi\":3,\"total_value\":3,\"kompetensi\":15},{\"id\":120,\"name\":\"pernyataan_120\",\"kepentingan\":2,\"frekuensi\":1,\"total_value\":1.5,\"kompetensi\":15},{\"id\":121,\"name\":\"pernyataan_121\",\"kepentingan\":1,\"frekuensi\":3,\"total_value\":2,\"kompetensi\":16},{\"id\":122,\"name\":\"pernyataan_122\",\"kepentingan\":1,\"frekuensi\":5,\"total_value\":3,\"kompetensi\":16},{\"id\":123,\"name\":\"pernyataan_123\",\"kepentingan\":1,\"frekuensi\":0,\"total_value\":0.5,\"kompetensi\":16},{\"id\":124,\"name\":\"pernyataan_124\",\"kepentingan\":4,\"frekuensi\":2,\"total_value\":3,\"kompetensi\":16},{\"id\":125,\"name\":\"pernyataan_125\",\"kepentingan\":2,\"frekuensi\":2,\"total_value\":2,\"kompetensi\":16},{\"id\":126,\"name\":\"pernyataan_126\",\"kepentingan\":2,\"frekuensi\":4,\"total_value\":3,\"kompetensi\":16},{\"id\":127,\"name\":\"pernyataan_127\",\"kepentingan\":2,\"frekuensi\":0,\"total_value\":1,\"kompetensi\":16},{\"id\":128,\"name\":\"pernyataan_128\",\"kepentingan\":1,\"frekuensi\":4,\"total_value\":2.5,\"kompetensi\":16},{\"id\":129,\"name\":\"pernyataan_129\",\"kepentingan\":4,\"frekuensi\":2,\"total_value\":3,\"kompetensi\":17},{\"id\":130,\"name\":\"pernyataan_130\",\"kepentingan\":3,\"frekuensi\":5,\"total_value\":4,\"kompetensi\":17},{\"id\":131,\"name\":\"pernyataan_131\",\"kepentingan\":2,\"frekuensi\":2,\"total_value\":2,\"kompetensi\":17},{\"id\":132,\"name\":\"pernyataan_132\",\"kepentingan\":2,\"frekuensi\":3,\"total_value\":2.5,\"kompetensi\":17},{\"id\":133,\"name\":\"pernyataan_133\",\"kepentingan\":3,\"frekuensi\":3,\"total_value\":3,\"kompetensi\":17},{\"id\":134,\"name\":\"pernyataan_134\",\"kepentingan\":3,\"frekuensi\":3,\"total_value\":3,\"kompetensi\":17},{\"id\":135,\"name\":\"pernyataan_135\",\"kepentingan\":1,\"frekuensi\":3,\"total_value\":2,\"kompetensi\":17},{\"id\":136,\"name\":\"pernyataan_136\",\"kepentingan\":1,\"frekuensi\":1,\"total_value\":1,\"kompetensi\":17},{\"id\":137,\"name\":\"pernyataan_137\",\"kepentingan\":3,\"frekuensi\":1,\"total_value\":2,\"kompetensi\":18},{\"id\":138,\"name\":\"pernyataan_138\",\"kepentingan\":2,\"frekuensi\":3,\"total_value\":2.5,\"kompetensi\":18},{\"id\":139,\"name\":\"pernyataan_139\",\"kepentingan\":1,\"frekuensi\":4,\"total_value\":2.5,\"kompetensi\":18},{\"id\":140,\"name\":\"pernyataan_140\",\"kepentingan\":3,\"frekuensi\":4,\"total_value\":3.5,\"kompetensi\":18},{\"id\":141,\"name\":\"pernyataan_141\",\"kepentingan\":3,\"frekuensi\":4,\"total_value\":3.5,\"kompetensi\":18},{\"id\":142,\"name\":\"pernyataan_142\",\"kepentingan\":1,\"frekuensi\":0,\"total_value\":0.5,\"kompetensi\":18},{\"id\":143,\"name\":\"pernyataan_143\",\"kepentingan\":2,\"frekuensi\":3,\"total_value\":2.5,\"kompetensi\":18},{\"id\":144,\"name\":\"pernyataan_144\",\"kepentingan\":4,\"frekuensi\":3,\"total_value\":3.5,\"kompetensi\":18},{\"id\":145,\"name\":\"pernyataan_145\",\"kepentingan\":3,\"frekuensi\":4,\"total_value\":3.5,\"kompetensi\":19},{\"id\":146,\"name\":\"pernyataan_146\",\"kepentingan\":2,\"frekuensi\":5,\"total_value\":3.5,\"kompetensi\":19},{\"id\":147,\"name\":\"pernyataan_147\",\"kepentingan\":2,\"frekuensi\":5,\"total_value\":3.5,\"kompetensi\":19},{\"id\":148,\"name\":\"pernyataan_148\",\"kepentingan\":1,\"frekuensi\":4,\"total_value\":2.5,\"kompetensi\":19},{\"id\":149,\"name\":\"pernyataan_149\",\"kepentingan\":1,\"frekuensi\":0,\"total_value\":0.5,\"kompetensi\":19},{\"id\":150,\"name\":\"pernyataan_150\",\"kepentingan\":1,\"frekuensi\":4,\"total_value\":2.5,\"kompetensi\":19},{\"id\":151,\"name\":\"pernyataan_151\",\"kepentingan\":4,\"frekuensi\":5,\"total_value\":4.5,\"kompetensi\":19},{\"id\":152,\"name\":\"pernyataan_152\",\"kepentingan\":1,\"frekuensi\":0,\"total_value\":0.5,\"kompetensi\":19},{\"id\":153,\"name\":\"pernyataan_153\",\"kepentingan\":2,\"frekuensi\":4,\"total_value\":3,\"kompetensi\":20},{\"id\":154,\"name\":\"pernyataan_154\",\"kepentingan\":1,\"frekuensi\":3,\"total_value\":2,\"kompetensi\":20},{\"id\":155,\"name\":\"pernyataan_155\",\"kepentingan\":4,\"frekuensi\":3,\"total_value\":3.5,\"kompetensi\":20},{\"id\":156,\"name\":\"pernyataan_156\",\"kepentingan\":2,\"frekuensi\":1,\"total_value\":1.5,\"kompetensi\":20},{\"id\":157,\"name\":\"pernyataan_157\",\"kepentingan\":4,\"frekuensi\":0,\"total_value\":2,\"kompetensi\":20},{\"id\":158,\"name\":\"pernyataan_158\",\"kepentingan\":3,\"frekuensi\":3,\"total_value\":3,\"kompetensi\":20},{\"id\":159,\"name\":\"pernyataan_159\",\"kepentingan\":2,\"frekuensi\":5,\"total_value\":3.5,\"kompetensi\":20},{\"id\":160,\"name\":\"pernyataan_160\",\"kepentingan\":2,\"frekuensi\":5,\"total_value\":3.5,\"kompetensi\":20},{\"id\":161,\"name\":\"pernyataan_161\",\"kepentingan\":3,\"frekuensi\":3,\"total_value\":3,\"kompetensi\":21},{\"id\":162,\"name\":\"pernyataan_162\",\"kepentingan\":2,\"frekuensi\":5,\"total_value\":3.5,\"kompetensi\":21},{\"id\":163,\"name\":\"pernyataan_163\",\"kepentingan\":3,\"frekuensi\":0,\"total_value\":1.5,\"kompetensi\":21},{\"id\":164,\"name\":\"pernyataan_164\",\"kepentingan\":2,\"frekuensi\":1,\"total_value\":1.5,\"kompetensi\":21},{\"id\":165,\"name\":\"pernyataan_165\",\"kepentingan\":3,\"frekuensi\":0,\"total_value\":1.5,\"kompetensi\":21},{\"id\":166,\"name\":\"pernyataan_166\",\"kepentingan\":4,\"frekuensi\":3,\"total_value\":3.5,\"kompetensi\":21},{\"id\":167,\"name\":\"pernyataan_167\",\"kepentingan\":4,\"frekuensi\":4,\"total_value\":4,\"kompetensi\":21},{\"id\":168,\"name\":\"pernyataan_168\",\"kepentingan\":3,\"frekuensi\":2,\"total_value\":2.5,\"kompetensi\":21},{\"id\":169,\"name\":\"pernyataan_169\",\"kepentingan\":3,\"frekuensi\":1,\"total_value\":2,\"kompetensi\":22},{\"id\":170,\"name\":\"pernyataan_170\",\"kepentingan\":2,\"frekuensi\":1,\"total_value\":1.5,\"kompetensi\":22},{\"id\":171,\"name\":\"pernyataan_171\",\"kepentingan\":2,\"frekuensi\":0,\"total_value\":1,\"kompetensi\":22},{\"id\":172,\"name\":\"pernyataan_172\",\"kepentingan\":4,\"frekuensi\":2,\"total_value\":3,\"kompetensi\":22},{\"id\":173,\"name\":\"pernyataan_173\",\"kepentingan\":3,\"frekuensi\":1,\"total_value\":2,\"kompetensi\":22},{\"id\":174,\"name\":\"pernyataan_174\",\"kepentingan\":3,\"frekuensi\":4,\"total_value\":3.5,\"kompetensi\":22},{\"id\":175,\"name\":\"pernyataan_175\",\"kepentingan\":4,\"frekuensi\":5,\"total_value\":4.5,\"kompetensi\":22},{\"id\":176,\"name\":\"pernyataan_176\",\"kepentingan\":1,\"frekuensi\":2,\"total_value\":1.5,\"kompetensi\":22},{\"id\":177,\"name\":\"pernyataan_177\",\"kepentingan\":4,\"frekuensi\":2,\"total_value\":3,\"kompetensi\":23},{\"id\":178,\"name\":\"pernyataan_178\",\"kepentingan\":4,\"frekuensi\":1,\"total_value\":2.5,\"kompetensi\":23},{\"id\":179,\"name\":\"pernyataan_179\",\"kepentingan\":2,\"frekuensi\":3,\"total_value\":2.5,\"kompetensi\":23},{\"id\":180,\"name\":\"pernyataan_180\",\"kepentingan\":4,\"frekuensi\":2,\"total_value\":3,\"kompetensi\":23},{\"id\":181,\"name\":\"pernyataan_181\",\"kepentingan\":3,\"frekuensi\":4,\"total_value\":3.5,\"kompetensi\":23},{\"id\":182,\"name\":\"pernyataan_182\",\"kepentingan\":2,\"frekuensi\":5,\"total_value\":3.5,\"kompetensi\":23},{\"id\":183,\"name\":\"pernyataan_183\",\"kepentingan\":2,\"frekuensi\":3,\"total_value\":2.5,\"kompetensi\":23},{\"id\":184,\"name\":\"pernyataan_184\",\"kepentingan\":1,\"frekuensi\":2,\"total_value\":1.5,\"kompetensi\":23},{\"id\":185,\"name\":\"pernyataan_185\",\"kepentingan\":1,\"frekuensi\":1,\"total_value\":1,\"kompetensi\":24},{\"id\":186,\"name\":\"pernyataan_186\",\"kepentingan\":1,\"frekuensi\":0,\"total_value\":0.5,\"kompetensi\":24},{\"id\":187,\"name\":\"pernyataan_187\",\"kepentingan\":3,\"frekuensi\":4,\"total_value\":3.5,\"kompetensi\":24},{\"id\":188,\"name\":\"pernyataan_188\",\"kepentingan\":4,\"frekuensi\":1,\"total_value\":2.5,\"kompetensi\":24},{\"id\":189,\"name\":\"pernyataan_189\",\"kepentingan\":4,\"frekuensi\":0,\"total_value\":2,\"kompetensi\":24},{\"id\":190,\"name\":\"pernyataan_190\",\"kepentingan\":2,\"frekuensi\":3,\"total_value\":2.5,\"kompetensi\":24},{\"id\":191,\"name\":\"pernyataan_191\",\"kepentingan\":1,\"frekuensi\":3,\"total_value\":2,\"kompetensi\":24},{\"id\":192,\"name\":\"pernyataan_192\",\"kepentingan\":3,\"frekuensi\":4,\"total_value\":3.5,\"kompetensi\":24},{\"id\":193,\"name\":\"pernyataan_193\",\"kepentingan\":4,\"frekuensi\":0,\"total_value\":2,\"kompetensi\":25},{\"id\":194,\"name\":\"pernyataan_194\",\"kepentingan\":1,\"frekuensi\":4,\"total_value\":2.5,\"kompetensi\":25},{\"id\":195,\"name\":\"pernyataan_195\",\"kepentingan\":4,\"frekuensi\":0,\"total_value\":2,\"kompetensi\":25},{\"id\":196,\"name\":\"pernyataan_196\",\"kepentingan\":1,\"frekuensi\":1,\"total_value\":1,\"kompetensi\":25},{\"id\":197,\"name\":\"pernyataan_197\",\"kepentingan\":2,\"frekuensi\":5,\"total_value\":3.5,\"kompetensi\":25},{\"id\":198,\"name\":\"pernyataan_198\",\"kepentingan\":2,\"frekuensi\":4,\"total_value\":3,\"kompetensi\":25},{\"id\":199,\"name\":\"pernyataan_199\",\"kepentingan\":3,\"frekuensi\":2,\"total_value\":2.5,\"kompetensi\":25},{\"id\":200,\"name\":\"pernyataan_200\",\"kepentingan\":4,\"frekuensi\":4,\"total_value\":4,\"kompetensi\":25},{\"id\":201,\"name\":\"pernyataan_201\",\"kepentingan\":2,\"frekuensi\":1,\"total_value\":1.5,\"kompetensi\":26},{\"id\":202,\"name\":\"pernyataan_202\",\"kepentingan\":4,\"frekuensi\":2,\"total_value\":3,\"kompetensi\":26},{\"id\":203,\"name\":\"pernyataan_203\",\"kepentingan\":3,\"frekuensi\":2,\"total_value\":2.5,\"kompetensi\":26},{\"id\":204,\"name\":\"pernyataan_204\",\"kepentingan\":3,\"frekuensi\":0,\"total_value\":1.5,\"kompetensi\":26},{\"id\":205,\"name\":\"pernyataan_205\",\"kepentingan\":2,\"frekuensi\":2,\"total_value\":2,\"kompetensi\":26},{\"id\":206,\"name\":\"pernyataan_206\",\"kepentingan\":3,\"frekuensi\":3,\"total_value\":3,\"kompetensi\":26},{\"id\":207,\"name\":\"pernyataan_207\",\"kepentingan\":1,\"frekuensi\":5,\"total_value\":3,\"kompetensi\":26},{\"id\":208,\"name\":\"pernyataan_208\",\"kepentingan\":2,\"frekuensi\":5,\"total_value\":3.5,\"kompetensi\":26},{\"id\":209,\"name\":\"pernyataan_209\",\"kepentingan\":3,\"frekuensi\":4,\"total_value\":3.5,\"kompetensi\":27},{\"id\":210,\"name\":\"pernyataan_210\",\"kepentingan\":3,\"frekuensi\":5,\"total_value\":4,\"kompetensi\":27},{\"id\":211,\"name\":\"pernyataan_211\",\"kepentingan\":2,\"frekuensi\":5,\"total_value\":3.5,\"kompetensi\":27},{\"id\":212,\"name\":\"pernyataan_212\",\"kepentingan\":4,\"frekuensi\":2,\"total_value\":3,\"kompetensi\":27},{\"id\":213,\"name\":\"pernyataan_213\",\"kepentingan\":2,\"frekuensi\":3,\"total_value\":2.5,\"kompetensi\":27},{\"id\":214,\"name\":\"pernyataan_214\",\"kepentingan\":3,\"frekuensi\":1,\"total_value\":2,\"kompetensi\":27},{\"id\":215,\"name\":\"pernyataan_215\",\"kepentingan\":1,\"frekuensi\":5,\"total_value\":3,\"kompetensi\":27},{\"id\":216,\"name\":\"pernyataan_216\",\"kepentingan\":1,\"frekuensi\":1,\"total_value\":1,\"kompetensi\":27},{\"id\":217,\"name\":\"pernyataan_217\",\"kepentingan\":1,\"frekuensi\":3,\"total_value\":2,\"kompetensi\":28},{\"id\":218,\"name\":\"pernyataan_218\",\"kepentingan\":2,\"frekuensi\":1,\"total_value\":1.5,\"kompetensi\":28},{\"id\":219,\"name\":\"pernyataan_219\",\"kepentingan\":2,\"frekuensi\":1,\"total_value\":1.5,\"kompetensi\":28},{\"id\":220,\"name\":\"pernyataan_220\",\"kepentingan\":4,\"frekuensi\":0,\"total_value\":2,\"kompetensi\":28},{\"id\":221,\"name\":\"pernyataan_221\",\"kepentingan\":4,\"frekuensi\":1,\"total_value\":2.5,\"kompetensi\":28},{\"id\":222,\"name\":\"pernyataan_222\",\"kepentingan\":3,\"frekuensi\":1,\"total_value\":2,\"kompetensi\":28},{\"id\":223,\"name\":\"pernyataan_223\",\"kepentingan\":4,\"frekuensi\":3,\"total_value\":3.5,\"kompetensi\":28},{\"id\":224,\"name\":\"pernyataan_224\",\"kepentingan\":4,\"frekuensi\":1,\"total_value\":2.5,\"kompetensi\":28},{\"id\":225,\"name\":\"pernyataan_225\",\"kepentingan\":4,\"frekuensi\":0,\"total_value\":2,\"kompetensi\":29},{\"id\":226,\"name\":\"pernyataan_226\",\"kepentingan\":1,\"frekuensi\":4,\"total_value\":2.5,\"kompetensi\":29},{\"id\":227,\"name\":\"pernyataan_227\",\"kepentingan\":2,\"frekuensi\":4,\"total_value\":3,\"kompetensi\":29},{\"id\":228,\"name\":\"pernyataan_228\",\"kepentingan\":1,\"frekuensi\":2,\"total_value\":1.5,\"kompetensi\":29},{\"id\":229,\"name\":\"pernyataan_229\",\"kepentingan\":3,\"frekuensi\":4,\"total_value\":3.5,\"kompetensi\":29},{\"id\":230,\"name\":\"pernyataan_230\",\"kepentingan\":1,\"frekuensi\":4,\"total_value\":2.5,\"kompetensi\":29},{\"id\":231,\"name\":\"pernyataan_231\",\"kepentingan\":3,\"frekuensi\":5,\"total_value\":4,\"kompetensi\":29},{\"id\":232,\"name\":\"pernyataan_232\",\"kepentingan\":3,\"frekuensi\":2,\"total_value\":2.5,\"kompetensi\":29},{\"id\":233,\"name\":\"pernyataan_233\",\"kepentingan\":4,\"frekuensi\":4,\"total_value\":4,\"kompetensi\":30},{\"id\":234,\"name\":\"pernyataan_234\",\"kepentingan\":4,\"frekuensi\":0,\"total_value\":2,\"kompetensi\":30},{\"id\":235,\"name\":\"pernyataan_235\",\"kepentingan\":1,\"frekuensi\":5,\"total_value\":3,\"kompetensi\":30},{\"id\":236,\"name\":\"pernyataan_236\",\"kepentingan\":2,\"frekuensi\":2,\"total_value\":2,\"kompetensi\":30},{\"id\":237,\"name\":\"pernyataan_237\",\"kepentingan\":3,\"frekuensi\":1,\"total_value\":2,\"kompetensi\":30},{\"id\":238,\"name\":\"pernyataan_238\",\"kepentingan\":2,\"frekuensi\":5,\"total_value\":3.5,\"kompetensi\":30},{\"id\":239,\"name\":\"pernyataan_239\",\"kepentingan\":1,\"frekuensi\":3,\"total_value\":2,\"kompetensi\":30},{\"id\":240,\"name\":\"pernyataan_240\",\"kepentingan\":3,\"frekuensi\":5,\"total_value\":4,\"kompetensi\":30},{\"id\":241,\"name\":\"pernyataan_241\",\"kepentingan\":3,\"frekuensi\":1,\"total_value\":2,\"kompetensi\":31},{\"id\":242,\"name\":\"pernyataan_242\",\"kepentingan\":2,\"frekuensi\":0,\"total_value\":1,\"kompetensi\":31},{\"id\":243,\"name\":\"pernyataan_243\",\"kepentingan\":3,\"frekuensi\":4,\"total_value\":3.5,\"kompetensi\":31},{\"id\":244,\"name\":\"pernyataan_244\",\"kepentingan\":3,\"frekuensi\":3,\"total_value\":3,\"kompetensi\":31},{\"id\":245,\"name\":\"pernyataan_245\",\"kepentingan\":3,\"frekuensi\":0,\"total_value\":1.5,\"kompetensi\":31},{\"id\":246,\"name\":\"pernyataan_246\",\"kepentingan\":1,\"frekuensi\":1,\"total_value\":1,\"kompetensi\":31},{\"id\":247,\"name\":\"pernyataan_247\",\"kepentingan\":1,\"frekuensi\":0,\"total_value\":0.5,\"kompetensi\":31},{\"id\":248,\"name\":\"pernyataan_248\",\"kepentingan\":1,\"frekuensi\":0,\"total_value\":0.5,\"kompetensi\":31},{\"id\":249,\"name\":\"pernyataan_249\",\"kepentingan\":3,\"frekuensi\":5,\"total_value\":4,\"kompetensi\":32},{\"id\":250,\"name\":\"pernyataan_250\",\"kepentingan\":1,\"frekuensi\":5,\"total_value\":3,\"kompetensi\":32},{\"id\":251,\"name\":\"pernyataan_251\",\"kepentingan\":4,\"frekuensi\":0,\"total_value\":2,\"kompetensi\":32},{\"id\":252,\"name\":\"pernyataan_252\",\"kepentingan\":1,\"frekuensi\":5,\"total_value\":3,\"kompetensi\":32},{\"id\":253,\"name\":\"pernyataan_253\",\"kepentingan\":2,\"frekuensi\":0,\"total_value\":1,\"kompetensi\":32},{\"id\":254,\"name\":\"pernyataan_254\",\"kepentingan\":1,\"frekuensi\":2,\"total_value\":1.5,\"kompetensi\":32},{\"id\":255,\"name\":\"pernyataan_255\",\"kepentingan\":3,\"frekuensi\":1,\"total_value\":2,\"kompetensi\":32},{\"id\":256,\"name\":\"pernyataan_256\",\"kepentingan\":3,\"frekuensi\":2,\"total_value\":2.5,\"kompetensi\":32},{\"id\":257,\"name\":\"pernyataan_257\",\"kepentingan\":3,\"frekuensi\":3,\"total_value\":3,\"kompetensi\":33},{\"id\":258,\"name\":\"pernyataan_258\",\"kepentingan\":2,\"frekuensi\":5,\"total_value\":3.5,\"kompetensi\":33},{\"id\":259,\"name\":\"pernyataan_259\",\"kepentingan\":1,\"frekuensi\":3,\"total_value\":2,\"kompetensi\":33},{\"id\":260,\"name\":\"pernyataan_260\",\"kepentingan\":3,\"frekuensi\":2,\"total_value\":2.5,\"kompetensi\":33},{\"id\":261,\"name\":\"pernyataan_261\",\"kepentingan\":1,\"frekuensi\":5,\"total_value\":3,\"kompetensi\":33},{\"id\":262,\"name\":\"pernyataan_262\",\"kepentingan\":4,\"frekuensi\":0,\"total_value\":2,\"kompetensi\":33},{\"id\":263,\"name\":\"pernyataan_263\",\"kepentingan\":1,\"frekuensi\":3,\"total_value\":2,\"kompetensi\":33},{\"id\":264,\"name\":\"pernyataan_264\",\"kepentingan\":3,\"frekuensi\":2,\"total_value\":2.5,\"kompetensi\":33},{\"id\":265,\"name\":\"pernyataan_265\",\"kepentingan\":4,\"frekuensi\":4,\"total_value\":4,\"kompetensi\":34},{\"id\":266,\"name\":\"pernyataan_266\",\"kepentingan\":4,\"frekuensi\":1,\"total_value\":2.5,\"kompetensi\":34},{\"id\":267,\"name\":\"pernyataan_267\",\"kepentingan\":2,\"frekuensi\":0,\"total_value\":1,\"kompetensi\":34},{\"id\":268,\"name\":\"pernyataan_268\",\"kepentingan\":4,\"frekuensi\":3,\"total_value\":3.5,\"kompetensi\":34},{\"id\":269,\"name\":\"pernyataan_269\",\"kepentingan\":3,\"frekuensi\":4,\"total_value\":3.5,\"kompetensi\":34},{\"id\":270,\"name\":\"pernyataan_270\",\"kepentingan\":1,\"frekuensi\":0,\"total_value\":0.5,\"kompetensi\":34},{\"id\":271,\"name\":\"pernyataan_271\",\"kepentingan\":1,\"frekuensi\":1,\"total_value\":1,\"kompetensi\":34},{\"id\":272,\"name\":\"pernyataan_272\",\"kepentingan\":2,\"frekuensi\":2,\"total_value\":2,\"kompetensi\":34},{\"id\":273,\"name\":\"pernyataan_273\",\"kepentingan\":1,\"frekuensi\":4,\"total_value\":2.5,\"kompetensi\":35},{\"id\":274,\"name\":\"pernyataan_274\",\"kepentingan\":4,\"frekuensi\":2,\"total_value\":3,\"kompetensi\":35},{\"id\":275,\"name\":\"pernyataan_275\",\"kepentingan\":2,\"frekuensi\":4,\"total_value\":3,\"kompetensi\":35},{\"id\":276,\"name\":\"pernyataan_276\",\"kepentingan\":2,\"frekuensi\":3,\"total_value\":2.5,\"kompetensi\":35},{\"id\":277,\"name\":\"pernyataan_277\",\"kepentingan\":3,\"frekuensi\":5,\"total_value\":4,\"kompetensi\":35},{\"id\":278,\"name\":\"pernyataan_278\",\"kepentingan\":4,\"frekuensi\":4,\"total_value\":4,\"kompetensi\":35},{\"id\":279,\"name\":\"pernyataan_279\",\"kepentingan\":4,\"frekuensi\":4,\"total_value\":4,\"kompetensi\":35},{\"id\":280,\"name\":\"pernyataan_280\",\"kepentingan\":1,\"frekuensi\":2,\"total_value\":1.5,\"kompetensi\":35},{\"id\":281,\"name\":\"pernyataan_281\",\"kepentingan\":1,\"frekuensi\":5,\"total_value\":3,\"kompetensi\":36},{\"id\":282,\"name\":\"pernyataan_282\",\"kepentingan\":2,\"frekuensi\":5,\"total_value\":3.5,\"kompetensi\":36},{\"id\":283,\"name\":\"pernyataan_283\",\"kepentingan\":3,\"frekuensi\":2,\"total_value\":2.5,\"kompetensi\":36},{\"id\":284,\"name\":\"pernyataan_284\",\"kepentingan\":3,\"frekuensi\":5,\"total_value\":4,\"kompetensi\":36},{\"id\":285,\"name\":\"pernyataan_285\",\"kepentingan\":2,\"frekuensi\":2,\"total_value\":2,\"kompetensi\":36},{\"id\":286,\"name\":\"pernyataan_286\",\"kepentingan\":3,\"frekuensi\":2,\"total_value\":2.5,\"kompetensi\":36},{\"id\":287,\"name\":\"pernyataan_287\",\"kepentingan\":2,\"frekuensi\":0,\"total_value\":1,\"kompetensi\":36},{\"id\":288,\"name\":\"pernyataan_288\",\"kepentingan\":1,\"frekuensi\":4,\"total_value\":2.5,\"kompetensi\":36},{\"id\":289,\"name\":\"pernyataan_289\",\"kepentingan\":4,\"frekuensi\":1,\"total_value\":2.5,\"kompetensi\":37},{\"id\":290,\"name\":\"pernyataan_290\",\"kepentingan\":3,\"frekuensi\":2,\"total_value\":2.5,\"kompetensi\":37},{\"id\":291,\"name\":\"pernyataan_291\",\"kepentingan\":2,\"frekuensi\":4,\"total_value\":3,\"kompetensi\":37},{\"id\":292,\"name\":\"pernyataan_292\",\"kepentingan\":2,\"frekuensi\":1,\"total_value\":1.5,\"kompetensi\":37},{\"id\":293,\"name\":\"pernyataan_293\",\"kepentingan\":4,\"frekuensi\":3,\"total_value\":3.5,\"kompetensi\":37},{\"id\":294,\"name\":\"pernyataan_294\",\"kepentingan\":3,\"frekuensi\":2,\"total_value\":2.5,\"kompetensi\":37},{\"id\":295,\"name\":\"pernyataan_295\",\"kepentingan\":2,\"frekuensi\":2,\"total_value\":2,\"kompetensi\":37},{\"id\":296,\"name\":\"pernyataan_296\",\"kepentingan\":4,\"frekuensi\":1,\"total_value\":2.5,\"kompetensi\":37},{\"id\":297,\"name\":\"pernyataan_297\",\"kepentingan\":1,\"frekuensi\":5,\"total_value\":3,\"kompetensi\":38},{\"id\":298,\"name\":\"pernyataan_298\",\"kepentingan\":4,\"frekuensi\":5,\"total_value\":4.5,\"kompetensi\":38},{\"id\":299,\"name\":\"pernyataan_299\",\"kepentingan\":4,\"frekuensi\":3,\"total_value\":3.5,\"kompetensi\":38},{\"id\":300,\"name\":\"pernyataan_300\",\"kepentingan\":1,\"frekuensi\":0,\"total_value\":0.5,\"kompetensi\":38},{\"id\":301,\"name\":\"pernyataan_301\",\"kepentingan\":3,\"frekuensi\":5,\"total_value\":4,\"kompetensi\":38},{\"id\":302,\"name\":\"pernyataan_302\",\"kepentingan\":2,\"frekuensi\":1,\"total_value\":1.5,\"kompetensi\":38},{\"id\":303,\"name\":\"pernyataan_303\",\"kepentingan\":4,\"frekuensi\":0,\"total_value\":2,\"kompetensi\":38},{\"id\":304,\"name\":\"pernyataan_304\",\"kepentingan\":3,\"frekuensi\":4,\"total_value\":3.5,\"kompetensi\":38},{\"id\":305,\"name\":\"pernyataan_305\",\"kepentingan\":4,\"frekuensi\":4,\"total_value\":4,\"kompetensi\":39},{\"id\":306,\"name\":\"pernyataan_306\",\"kepentingan\":4,\"frekuensi\":5,\"total_value\":4.5,\"kompetensi\":39},{\"id\":307,\"name\":\"pernyataan_307\",\"kepentingan\":4,\"frekuensi\":3,\"total_value\":3.5,\"kompetensi\":39},{\"id\":308,\"name\":\"pernyataan_308\",\"kepentingan\":4,\"frekuensi\":0,\"total_value\":2,\"kompetensi\":39},{\"id\":309,\"name\":\"pernyataan_309\",\"kepentingan\":3,\"frekuensi\":3,\"total_value\":3,\"kompetensi\":39},{\"id\":310,\"name\":\"pernyataan_310\",\"kepentingan\":3,\"frekuensi\":2,\"total_value\":2.5,\"kompetensi\":39},{\"id\":311,\"name\":\"pernyataan_311\",\"kepentingan\":1,\"frekuensi\":2,\"total_value\":1.5,\"kompetensi\":39},{\"id\":312,\"name\":\"pernyataan_312\",\"kepentingan\":1,\"frekuensi\":0,\"total_value\":0.5,\"kompetensi\":39},{\"id\":313,\"name\":\"pernyataan_313\",\"kepentingan\":3,\"frekuensi\":2,\"total_value\":2.5,\"kompetensi\":40},{\"id\":314,\"name\":\"pernyataan_314\",\"kepentingan\":3,\"frekuensi\":4,\"total_value\":3.5,\"kompetensi\":40},{\"id\":315,\"name\":\"pernyataan_315\",\"kepentingan\":1,\"frekuensi\":1,\"total_value\":1,\"kompetensi\":40},{\"id\":316,\"name\":\"pernyataan_316\",\"kepentingan\":1,\"frekuensi\":2,\"total_value\":1.5,\"kompetensi\":40},{\"id\":317,\"name\":\"pernyataan_317\",\"kepentingan\":3,\"frekuensi\":3,\"total_value\":3,\"kompetensi\":40},{\"id\":318,\"name\":\"pernyataan_318\",\"kepentingan\":4,\"frekuensi\":1,\"total_value\":2.5,\"kompetensi\":40},{\"id\":319,\"name\":\"pernyataan_319\",\"kepentingan\":4,\"frekuensi\":0,\"total_value\":2,\"kompetensi\":40},{\"id\":320,\"name\":\"pernyataan_320\",\"kepentingan\":1,\"frekuensi\":0,\"total_value\":0.5,\"kompetensi\":40},{\"id\":321,\"name\":\"pernyataan_321\",\"kepentingan\":3,\"frekuensi\":4,\"total_value\":3.5,\"kompetensi\":41},{\"id\":322,\"name\":\"pernyataan_322\",\"kepentingan\":1,\"frekuensi\":5,\"total_value\":3,\"kompetensi\":41},{\"id\":323,\"name\":\"pernyataan_323\",\"kepentingan\":3,\"frekuensi\":2,\"total_value\":2.5,\"kompetensi\":41},{\"id\":324,\"name\":\"pernyataan_324\",\"kepentingan\":1,\"frekuensi\":5,\"total_value\":3,\"kompetensi\":41},{\"id\":325,\"name\":\"pernyataan_325\",\"kepentingan\":2,\"frekuensi\":3,\"total_value\":2.5,\"kompetensi\":41},{\"id\":326,\"name\":\"pernyataan_326\",\"kepentingan\":3,\"frekuensi\":2,\"total_value\":2.5,\"kompetensi\":41},{\"id\":327,\"name\":\"pernyataan_327\",\"kepentingan\":3,\"frekuensi\":0,\"total_value\":1.5,\"kompetensi\":41},{\"id\":328,\"name\":\"pernyataan_328\",\"kepentingan\":2,\"frekuensi\":4,\"total_value\":3,\"kompetensi\":41},{\"id\":329,\"name\":\"pernyataan_329\",\"kepentingan\":1,\"frekuensi\":2,\"total_value\":1.5,\"kompetensi\":42},{\"id\":330,\"name\":\"pernyataan_330\",\"kepentingan\":1,\"frekuensi\":4,\"total_value\":2.5,\"kompetensi\":42},{\"id\":331,\"name\":\"pernyataan_331\",\"kepentingan\":3,\"frekuensi\":2,\"total_value\":2.5,\"kompetensi\":42},{\"id\":332,\"name\":\"pernyataan_332\",\"kepentingan\":1,\"frekuensi\":5,\"total_value\":3,\"kompetensi\":42},{\"id\":333,\"name\":\"pernyataan_333\",\"kepentingan\":4,\"frekuensi\":1,\"total_value\":2.5,\"kompetensi\":42},{\"id\":334,\"name\":\"pernyataan_334\",\"kepentingan\":4,\"frekuensi\":4,\"total_value\":4,\"kompetensi\":42},{\"id\":335,\"name\":\"pernyataan_335\",\"kepentingan\":4,\"frekuensi\":3,\"total_value\":3.5,\"kompetensi\":42},{\"id\":336,\"name\":\"pernyataan_336\",\"kepentingan\":2,\"frekuensi\":0,\"total_value\":1,\"kompetensi\":42},{\"id\":337,\"name\":\"pernyataan_337\",\"kepentingan\":2,\"frekuensi\":1,\"total_value\":1.5,\"kompetensi\":43},{\"id\":338,\"name\":\"pernyataan_338\",\"kepentingan\":4,\"frekuensi\":4,\"total_value\":4,\"kompetensi\":43},{\"id\":339,\"name\":\"pernyataan_339\",\"kepentingan\":4,\"frekuensi\":2,\"total_value\":3,\"kompetensi\":43},{\"id\":340,\"name\":\"pernyataan_340\",\"kepentingan\":1,\"frekuensi\":1,\"total_value\":1,\"kompetensi\":43},{\"id\":341,\"name\":\"pernyataan_341\",\"kepentingan\":3,\"frekuensi\":5,\"total_value\":4,\"kompetensi\":43},{\"id\":342,\"name\":\"pernyataan_342\",\"kepentingan\":3,\"frekuensi\":4,\"total_value\":3.5,\"kompetensi\":43},{\"id\":343,\"name\":\"pernyataan_343\",\"kepentingan\":2,\"frekuensi\":4,\"total_value\":3,\"kompetensi\":43},{\"id\":344,\"name\":\"pernyataan_344\",\"kepentingan\":2,\"frekuensi\":1,\"total_value\":1.5,\"kompetensi\":43},{\"id\":345,\"name\":\"pernyataan_345\",\"kepentingan\":1,\"frekuensi\":4,\"total_value\":2.5,\"kompetensi\":44},{\"id\":346,\"name\":\"pernyataan_346\",\"kepentingan\":2,\"frekuensi\":4,\"total_value\":3,\"kompetensi\":44},{\"id\":347,\"name\":\"pernyataan_347\",\"kepentingan\":1,\"frekuensi\":2,\"total_value\":1.5,\"kompetensi\":44},{\"id\":348,\"name\":\"pernyataan_348\",\"kepentingan\":3,\"frekuensi\":0,\"total_value\":1.5,\"kompetensi\":44},{\"id\":349,\"name\":\"pernyataan_349\",\"kepentingan\":2,\"frekuensi\":1,\"total_value\":1.5,\"kompetensi\":44},{\"id\":350,\"name\":\"pernyataan_350\",\"kepentingan\":4,\"frekuensi\":1,\"total_value\":2.5,\"kompetensi\":44},{\"id\":351,\"name\":\"pernyataan_351\",\"kepentingan\":1,\"frekuensi\":3,\"total_value\":2,\"kompetensi\":44},{\"id\":352,\"name\":\"pernyataan_352\",\"kepentingan\":1,\"frekuensi\":0,\"total_value\":0.5,\"kompetensi\":44},{\"id\":353,\"name\":\"pernyataan_353\",\"kepentingan\":1,\"frekuensi\":0,\"total_value\":0.5,\"kompetensi\":45},{\"id\":354,\"name\":\"pernyataan_354\",\"kepentingan\":1,\"frekuensi\":2,\"total_value\":1.5,\"kompetensi\":45},{\"id\":355,\"name\":\"pernyataan_355\",\"kepentingan\":3,\"frekuensi\":4,\"total_value\":3.5,\"kompetensi\":45},{\"id\":356,\"name\":\"pernyataan_356\",\"kepentingan\":2,\"frekuensi\":5,\"total_value\":3.5,\"kompetensi\":45},{\"id\":357,\"name\":\"pernyataan_357\",\"kepentingan\":4,\"frekuensi\":2,\"total_value\":3,\"kompetensi\":45},{\"id\":358,\"name\":\"pernyataan_358\",\"kepentingan\":3,\"frekuensi\":4,\"total_value\":3.5,\"kompetensi\":45},{\"id\":359,\"name\":\"pernyataan_359\",\"kepentingan\":1,\"frekuensi\":1,\"total_value\":1,\"kompetensi\":45},{\"id\":360,\"name\":\"pernyataan_360\",\"kepentingan\":1,\"frekuensi\":4,\"total_value\":2.5,\"kompetensi\":45}],\"jawaban_perkategori\":[{\"id\":1,\"name\":\"ACHIEVEMENT ORIENTATION\",\"kepentingan\":21,\"frekuensi\":30},{\"id\":2,\"name\":\"ACTION MANAGEMENT\",\"kepentingan\":23,\"frekuensi\":24},{\"id\":3,\"name\":\"ADAPTABILITY\",\"kepentingan\":27,\"frekuensi\":21},{\"id\":4,\"name\":\"ANALYTICAL THINKING\",\"kepentingan\":21,\"frekuensi\":15},{\"id\":5,\"name\":\"ATTENTION TO DETAIL\",\"kepentingan\":16,\"frekuensi\":20},{\"id\":6,\"name\":\"BUILDING PARTNERSHIP\",\"kepentingan\":16,\"frekuensi\":17},{\"id\":7,\"name\":\"BUSINESS ACUMEN\",\"kepentingan\":21,\"frekuensi\":18},{\"id\":8,\"name\":\"BUSINESS AWARENESS\",\"kepentingan\":23,\"frekuensi\":23},{\"id\":9,\"name\":\"COLLABORATION\",\"kepentingan\":15,\"frekuensi\":14},{\"id\":10,\"name\":\"COMMUNICATION\",\"kepentingan\":21,\"frekuensi\":22},{\"id\":11,\"name\":\"CONCEPTUAL THINKING\",\"kepentingan\":20,\"frekuensi\":23},{\"id\":12,\"name\":\"CONTINUOUS IMPROVEMENT\",\"kepentingan\":19,\"frekuensi\":16},{\"id\":13,\"name\":\"CONTROL\",\"kepentingan\":20,\"frekuensi\":26},{\"id\":14,\"name\":\"CUSTOMER FOCUS\",\"kepentingan\":17,\"frekuensi\":20},{\"id\":15,\"name\":\"CREATIVITY\",\"kepentingan\":20,\"frekuensi\":19},{\"id\":16,\"name\":\"DECISION MAKING\",\"kepentingan\":14,\"frekuensi\":20},{\"id\":17,\"name\":\"DELEGATION\",\"kepentingan\":19,\"frekuensi\":22},{\"id\":18,\"name\":\"EMPATHY\",\"kepentingan\":19,\"frekuensi\":22},{\"id\":19,\"name\":\"EMPOWERING\",\"kepentingan\":15,\"frekuensi\":27},{\"id\":20,\"name\":\"ENTHUSIASTIC\",\"kepentingan\":20,\"frekuensi\":24},{\"id\":21,\"name\":\"FAIRNESS TO SUBORDINATE\",\"kepentingan\":24,\"frekuensi\":18},{\"id\":22,\"name\":\"FLEXIBILITY\",\"kepentingan\":22,\"frekuensi\":16},{\"id\":23,\"name\":\"IMPACT\",\"kepentingan\":22,\"frekuensi\":22},{\"id\":24,\"name\":\"INITIATIVE\",\"kepentingan\":19,\"frekuensi\":16},{\"id\":25,\"name\":\"INFORMATION SEEKING\",\"kepentingan\":21,\"frekuensi\":20},{\"id\":26,\"name\":\"INNOVATION\",\"kepentingan\":20,\"frekuensi\":20},{\"id\":27,\"name\":\"INTERPERSONAL SKILL\",\"kepentingan\":19,\"frekuensi\":26},{\"id\":28,\"name\":\"LEADERSHIP\",\"kepentingan\":24,\"frekuensi\":11},{\"id\":29,\"name\":\"LEARNING ABILITY\",\"kepentingan\":18,\"frekuensi\":25},{\"id\":30,\"name\":\"LEGAL AWARENESS\",\"kepentingan\":20,\"frekuensi\":25},{\"id\":31,\"name\":\"MANAGING DIVERSITY\",\"kepentingan\":17,\"frekuensi\":9},{\"id\":32,\"name\":\"MONITORING\",\"kepentingan\":18,\"frekuensi\":20},{\"id\":33,\"name\":\"NEGOTIATION\",\"kepentingan\":18,\"frekuensi\":23},{\"id\":34,\"name\":\"NETWORKING\",\"kepentingan\":21,\"frekuensi\":15},{\"id\":35,\"name\":\"ORGANIZATIONAL AWARENESS\",\"kepentingan\":21,\"frekuensi\":28},{\"id\":36,\"name\":\"PEOPLE DEVELOPMENT\",\"kepentingan\":17,\"frekuensi\":25},{\"id\":37,\"name\":\"PERSUASIVENESS\",\"kepentingan\":24,\"frekuensi\":16},{\"id\":38,\"name\":\"PLANNING & ORGANIZING\",\"kepentingan\":22,\"frekuensi\":23},{\"id\":39,\"name\":\"RISK TAKING\",\"kepentingan\":24,\"frekuensi\":19},{\"id\":40,\"name\":\"SELF CONFIDENT\",\"kepentingan\":20,\"frekuensi\":13},{\"id\":41,\"name\":\"SELF MANAGEMENT\",\"kepentingan\":18,\"frekuensi\":25},{\"id\":42,\"name\":\"STRATEGIC ORIENTATION\",\"kepentingan\":20,\"frekuensi\":21},{\"id\":43,\"name\":\"TEAM WORK\",\"kepentingan\":21,\"frekuensi\":22},{\"id\":44,\"name\":\"TENACITY\",\"kepentingan\":15,\"frekuensi\":15},{\"id\":45,\"name\":\"TOLERANCE FOR STRESS\",\"kepentingan\":16,\"frekuensi\":22}],\"distribusi_kompetensi\":[{\"rank\":1,\"name_rank\":\"rank_1\",\"name\":\"TEAM WORK\",\"kompetensi_id\":43,\"value\":45,\"total_value\":46,\"kepentingan_kompetensi\":1},{\"rank\":2,\"name_rank\":\"rank_2\",\"name\":\"DELEGATION\",\"kompetensi_id\":17,\"value\":44,\"total_value\":45,\"kepentingan_kompetensi\":1},{\"rank\":3,\"name_rank\":\"rank_3\",\"name\":\"NETWORKING\",\"kompetensi_id\":34,\"value\":43,\"total_value\":44,\"kepentingan_kompetensi\":1},{\"rank\":4,\"name_rank\":\"rank_4\",\"name\":\"SELF CONFIDENT\",\"kompetensi_id\":40,\"value\":42,\"total_value\":46,\"kepentingan_kompetensi\":4},{\"rank\":5,\"name_rank\":\"rank_5\",\"name\":\"BUSINESS AWARENESS\",\"kompetensi_id\":8,\"value\":41,\"total_value\":44,\"kepentingan_kompetensi\":3},{\"rank\":6,\"name_rank\":\"rank_6\",\"name\":\"COLLABORATION\",\"kompetensi_id\":9,\"value\":40,\"total_value\":44,\"kepentingan_kompetensi\":4},{\"rank\":7,\"name_rank\":\"rank_7\",\"name\":\"LEADERSHIP\",\"kompetensi_id\":28,\"value\":39,\"total_value\":41,\"kepentingan_kompetensi\":2},{\"rank\":8,\"name_rank\":\"rank_8\",\"name\":\"CONTROL\",\"kompetensi_id\":13,\"value\":38,\"total_value\":39,\"kepentingan_kompetensi\":1},{\"rank\":9,\"name_rank\":\"rank_9\",\"name\":\"LEGAL AWARENESS\",\"kompetensi_id\":30,\"value\":37,\"total_value\":39,\"kepentingan_kompetensi\":2},{\"rank\":10,\"name_rank\":\"rank_10\",\"name\":\"FAIRNESS TO SUBORDINATE\",\"kompetensi_id\":21,\"value\":36,\"total_value\":40,\"kepentingan_kompetensi\":4},{\"rank\":11,\"name_rank\":\"rank_11\",\"name\":\"PEOPLE DEVELOPMENT\",\"kompetensi_id\":36,\"value\":35,\"total_value\":37,\"kepentingan_kompetensi\":2},{\"rank\":12,\"name_rank\":\"rank_12\",\"name\":\"INFORMATION SEEKING\",\"kompetensi_id\":25,\"value\":34,\"total_value\":38,\"kepentingan_kompetensi\":4},{\"rank\":13,\"name_rank\":\"rank_13\",\"name\":\"IMPACT\",\"kompetensi_id\":23,\"value\":33,\"total_value\":35,\"kepentingan_kompetensi\":2},{\"rank\":14,\"name_rank\":\"rank_14\",\"name\":\"ACHIEVEMENT ORIENTATION\",\"kompetensi_id\":1,\"value\":32,\"total_value\":33,\"kepentingan_kompetensi\":1},{\"rank\":15,\"name_rank\":\"rank_15\",\"name\":\"CONCEPTUAL THINKING\",\"kompetensi_id\":11,\"value\":31,\"total_value\":34,\"kepentingan_kompetensi\":3},{\"rank\":16,\"name_rank\":\"rank_16\",\"name\":\"EMPOWERING\",\"kompetensi_id\":19,\"value\":30,\"total_value\":31,\"kepentingan_kompetensi\":1},{\"rank\":17,\"name_rank\":\"rank_17\",\"name\":\"CONTINUOUS IMPROVEMENT\",\"kompetensi_id\":12,\"value\":29,\"total_value\":30,\"kepentingan_kompetensi\":1},{\"rank\":18,\"name_rank\":\"rank_18\",\"name\":\"MANAGING DIVERSITY\",\"kompetensi_id\":31,\"value\":28,\"total_value\":32,\"kepentingan_kompetensi\":4},{\"rank\":19,\"name_rank\":\"rank_19\",\"name\":\"CREATIVITY\",\"kompetensi_id\":15,\"value\":27,\"total_value\":31,\"kepentingan_kompetensi\":4},{\"rank\":20,\"name_rank\":\"rank_20\",\"name\":\"ENTHUSIASTIC\",\"kompetensi_id\":20,\"value\":26,\"total_value\":29,\"kepentingan_kompetensi\":3},{\"rank\":21,\"name_rank\":\"rank_21\",\"name\":\"DECISION MAKING\",\"kompetensi_id\":16,\"value\":25,\"total_value\":27,\"kepentingan_kompetensi\":2},{\"rank\":22,\"name_rank\":\"rank_22\",\"name\":\"FLEXIBILITY\",\"kompetensi_id\":22,\"value\":24,\"total_value\":25,\"kepentingan_kompetensi\":1},{\"rank\":23,\"name_rank\":\"rank_23\",\"name\":\"ACTION MANAGEMENT\",\"kompetensi_id\":2,\"value\":23,\"total_value\":26,\"kepentingan_kompetensi\":3},{\"rank\":24,\"name_rank\":\"rank_24\",\"name\":\"BUILDING PARTNERSHIP\",\"kompetensi_id\":6,\"value\":22,\"total_value\":26,\"kepentingan_kompetensi\":4},{\"rank\":25,\"name_rank\":\"rank_25\",\"name\":\"ATTENTION TO DETAIL\",\"kompetensi_id\":5,\"value\":21,\"total_value\":23,\"kepentingan_kompetensi\":2},{\"rank\":26,\"name_rank\":\"rank_26\",\"name\":\"EMPATHY\",\"kompetensi_id\":18,\"value\":20,\"total_value\":22,\"kepentingan_kompetensi\":2},{\"rank\":27,\"name_rank\":\"rank_27\",\"name\":\"ANALYTICAL THINKING\",\"kompetensi_id\":4,\"value\":19,\"total_value\":21,\"kepentingan_kompetensi\":2},{\"rank\":28,\"name_rank\":\"rank_28\",\"name\":\"ADAPTABILITY\",\"kompetensi_id\":3,\"value\":18,\"total_value\":22,\"kepentingan_kompetensi\":4},{\"rank\":29,\"name_rank\":\"rank_29\",\"name\":\"BUSINESS ACUMEN\",\"kompetensi_id\":7,\"value\":17,\"total_value\":21,\"kepentingan_kompetensi\":4},{\"rank\":30,\"name_rank\":\"rank_30\",\"name\":\"COMMUNICATION\",\"kompetensi_id\":10,\"value\":16,\"total_value\":18,\"kepentingan_kompetensi\":2},{\"rank\":31,\"name_rank\":\"rank_31\",\"name\":\"CUSTOMER FOCUS\",\"kompetensi_id\":14,\"value\":15,\"total_value\":18,\"kepentingan_kompetensi\":3},{\"rank\":32,\"name_rank\":\"rank_32\",\"name\":\"INITIATIVE\",\"kompetensi_id\":24,\"value\":14,\"total_value\":16,\"kepentingan_kompetensi\":2},{\"rank\":33,\"name_rank\":\"rank_33\",\"name\":\"INTERPERSONAL SKILL\",\"kompetensi_id\":27,\"value\":13,\"total_value\":17,\"kepentingan_kompetensi\":4},{\"rank\":34,\"name_rank\":\"rank_34\",\"name\":\"INNOVATION\",\"kompetensi_id\":26,\"value\":12,\"total_value\":16,\"kepentingan_kompetensi\":4},{\"rank\":35,\"name_rank\":\"rank_35\",\"name\":\"ORGANIZATIONAL AWARENESS\",\"kompetensi_id\":35,\"value\":11,\"total_value\":13,\"kepentingan_kompetensi\":2},{\"rank\":36,\"name_rank\":\"rank_36\",\"name\":\"LEARNING ABILITY\",\"kompetensi_id\":29,\"value\":10,\"total_value\":13,\"kepentingan_kompetensi\":3},{\"rank\":37,\"name_rank\":\"rank_37\",\"name\":\"MONITORING\",\"kompetensi_id\":32,\"value\":9,\"total_value\":13,\"kepentingan_kompetensi\":4},{\"rank\":38,\"name_rank\":\"rank_38\",\"name\":\"PERSUASIVENESS\",\"kompetensi_id\":37,\"value\":8,\"total_value\":10,\"kepentingan_kompetensi\":2},{\"rank\":39,\"name_rank\":\"rank_39\",\"name\":\"NEGOTIATION\",\"kompetensi_id\":33,\"value\":7,\"total_value\":10,\"kepentingan_kompetensi\":3},{\"rank\":40,\"name_rank\":\"rank_40\",\"name\":\"PLANNING & ORGANIZING\",\"kompetensi_id\":38,\"value\":6,\"total_value\":10,\"kepentingan_kompetensi\":4},{\"rank\":41,\"name_rank\":\"rank_41\",\"name\":\"STRATEGIC ORIENTATION\",\"kompetensi_id\":42,\"value\":5,\"total_value\":7,\"kepentingan_kompetensi\":2},{\"rank\":42,\"name_rank\":\"rank_42\",\"name\":\"SELF MANAGEMENT\",\"kompetensi_id\":41,\"value\":4,\"total_value\":6,\"kepentingan_kompetensi\":2},{\"rank\":43,\"name_rank\":\"rank_43\",\"name\":\"TENACITY\",\"kompetensi_id\":44,\"value\":3,\"total_value\":6,\"kepentingan_kompetensi\":3},{\"rank\":44,\"name_rank\":\"rank_44\",\"name\":\"TOLERANCE FOR STRESS\",\"kompetensi_id\":45,\"value\":2,\"total_value\":4,\"kepentingan_kompetensi\":2},{\"rank\":45,\"name_rank\":\"rank_45\",\"name\":\"RISK TAKING\",\"kompetensi_id\":39,\"value\":1,\"total_value\":5,\"kepentingan_kompetensi\":4}]}', '2023-12-30 07:02:33', '2023-12-30 07:02:33', '2023-12-30 07:02:33');
INSERT INTO `trn_survey` (`id`, `client_id`, `event_id`, `responden_name`, `email`, `no_telp`, `born_date`, `work_level`, `gender`, `survey`, `created_at`, `updated_at`, `survey_created_at`) VALUES
(8, 1, 1, 'Muhamad Aliwafa 2', 'wynstelledxd@gmail.com', '085157554086', '1999-12-16', 'Laboran', 1, '{\"distribusi_jawaban\":[{\"id\":1,\"name\":\"pernyataan_1\",\"kepentingan\":4,\"frekuensi\":2,\"total_value\":3,\"kompetensi\":1},{\"id\":2,\"name\":\"pernyataan_2\",\"kepentingan\":4,\"frekuensi\":4,\"total_value\":4,\"kompetensi\":1},{\"id\":3,\"name\":\"pernyataan_3\",\"kepentingan\":4,\"frekuensi\":1,\"total_value\":2.5,\"kompetensi\":1},{\"id\":4,\"name\":\"pernyataan_4\",\"kepentingan\":4,\"frekuensi\":4,\"total_value\":4,\"kompetensi\":1},{\"id\":5,\"name\":\"pernyataan_5\",\"kepentingan\":1,\"frekuensi\":2,\"total_value\":1.5,\"kompetensi\":1},{\"id\":6,\"name\":\"pernyataan_6\",\"kepentingan\":3,\"frekuensi\":4,\"total_value\":3.5,\"kompetensi\":1},{\"id\":7,\"name\":\"pernyataan_7\",\"kepentingan\":3,\"frekuensi\":3,\"total_value\":3,\"kompetensi\":1},{\"id\":8,\"name\":\"pernyataan_8\",\"kepentingan\":1,\"frekuensi\":3,\"total_value\":2,\"kompetensi\":1},{\"id\":9,\"name\":\"pernyataan_9\",\"kepentingan\":4,\"frekuensi\":4,\"total_value\":4,\"kompetensi\":2},{\"id\":10,\"name\":\"pernyataan_10\",\"kepentingan\":4,\"frekuensi\":0,\"total_value\":2,\"kompetensi\":2},{\"id\":11,\"name\":\"pernyataan_11\",\"kepentingan\":4,\"frekuensi\":0,\"total_value\":2,\"kompetensi\":2},{\"id\":12,\"name\":\"pernyataan_12\",\"kepentingan\":2,\"frekuensi\":5,\"total_value\":3.5,\"kompetensi\":2},{\"id\":13,\"name\":\"pernyataan_13\",\"kepentingan\":1,\"frekuensi\":3,\"total_value\":2,\"kompetensi\":2},{\"id\":14,\"name\":\"pernyataan_14\",\"kepentingan\":4,\"frekuensi\":5,\"total_value\":4.5,\"kompetensi\":2},{\"id\":15,\"name\":\"pernyataan_15\",\"kepentingan\":4,\"frekuensi\":5,\"total_value\":4.5,\"kompetensi\":2},{\"id\":16,\"name\":\"pernyataan_16\",\"kepentingan\":4,\"frekuensi\":1,\"total_value\":2.5,\"kompetensi\":2},{\"id\":17,\"name\":\"pernyataan_17\",\"kepentingan\":4,\"frekuensi\":3,\"total_value\":3.5,\"kompetensi\":3},{\"id\":18,\"name\":\"pernyataan_18\",\"kepentingan\":4,\"frekuensi\":5,\"total_value\":4.5,\"kompetensi\":3},{\"id\":19,\"name\":\"pernyataan_19\",\"kepentingan\":4,\"frekuensi\":1,\"total_value\":2.5,\"kompetensi\":3},{\"id\":20,\"name\":\"pernyataan_20\",\"kepentingan\":1,\"frekuensi\":4,\"total_value\":2.5,\"kompetensi\":3},{\"id\":21,\"name\":\"pernyataan_21\",\"kepentingan\":3,\"frekuensi\":0,\"total_value\":1.5,\"kompetensi\":3},{\"id\":22,\"name\":\"pernyataan_22\",\"kepentingan\":2,\"frekuensi\":3,\"total_value\":2.5,\"kompetensi\":3},{\"id\":23,\"name\":\"pernyataan_23\",\"kepentingan\":1,\"frekuensi\":4,\"total_value\":2.5,\"kompetensi\":3},{\"id\":24,\"name\":\"pernyataan_24\",\"kepentingan\":3,\"frekuensi\":4,\"total_value\":3.5,\"kompetensi\":3},{\"id\":25,\"name\":\"pernyataan_25\",\"kepentingan\":1,\"frekuensi\":1,\"total_value\":1,\"kompetensi\":4},{\"id\":26,\"name\":\"pernyataan_26\",\"kepentingan\":1,\"frekuensi\":1,\"total_value\":1,\"kompetensi\":4},{\"id\":27,\"name\":\"pernyataan_27\",\"kepentingan\":4,\"frekuensi\":2,\"total_value\":3,\"kompetensi\":4},{\"id\":28,\"name\":\"pernyataan_28\",\"kepentingan\":1,\"frekuensi\":0,\"total_value\":0.5,\"kompetensi\":4},{\"id\":29,\"name\":\"pernyataan_29\",\"kepentingan\":4,\"frekuensi\":4,\"total_value\":4,\"kompetensi\":4},{\"id\":30,\"name\":\"pernyataan_30\",\"kepentingan\":3,\"frekuensi\":3,\"total_value\":3,\"kompetensi\":4},{\"id\":31,\"name\":\"pernyataan_31\",\"kepentingan\":3,\"frekuensi\":2,\"total_value\":2.5,\"kompetensi\":4},{\"id\":32,\"name\":\"pernyataan_32\",\"kepentingan\":3,\"frekuensi\":3,\"total_value\":3,\"kompetensi\":4},{\"id\":33,\"name\":\"pernyataan_33\",\"kepentingan\":4,\"frekuensi\":2,\"total_value\":3,\"kompetensi\":5},{\"id\":34,\"name\":\"pernyataan_34\",\"kepentingan\":3,\"frekuensi\":1,\"total_value\":2,\"kompetensi\":5},{\"id\":35,\"name\":\"pernyataan_35\",\"kepentingan\":4,\"frekuensi\":0,\"total_value\":2,\"kompetensi\":5},{\"id\":36,\"name\":\"pernyataan_36\",\"kepentingan\":2,\"frekuensi\":1,\"total_value\":1.5,\"kompetensi\":5},{\"id\":37,\"name\":\"pernyataan_37\",\"kepentingan\":2,\"frekuensi\":2,\"total_value\":2,\"kompetensi\":5},{\"id\":38,\"name\":\"pernyataan_38\",\"kepentingan\":2,\"frekuensi\":1,\"total_value\":1.5,\"kompetensi\":5},{\"id\":39,\"name\":\"pernyataan_39\",\"kepentingan\":1,\"frekuensi\":4,\"total_value\":2.5,\"kompetensi\":5},{\"id\":40,\"name\":\"pernyataan_40\",\"kepentingan\":4,\"frekuensi\":2,\"total_value\":3,\"kompetensi\":5},{\"id\":41,\"name\":\"pernyataan_41\",\"kepentingan\":3,\"frekuensi\":4,\"total_value\":3.5,\"kompetensi\":6},{\"id\":42,\"name\":\"pernyataan_42\",\"kepentingan\":2,\"frekuensi\":0,\"total_value\":1,\"kompetensi\":6},{\"id\":43,\"name\":\"pernyataan_43\",\"kepentingan\":2,\"frekuensi\":4,\"total_value\":3,\"kompetensi\":6},{\"id\":44,\"name\":\"pernyataan_44\",\"kepentingan\":2,\"frekuensi\":5,\"total_value\":3.5,\"kompetensi\":6},{\"id\":45,\"name\":\"pernyataan_45\",\"kepentingan\":2,\"frekuensi\":0,\"total_value\":1,\"kompetensi\":6},{\"id\":46,\"name\":\"pernyataan_46\",\"kepentingan\":3,\"frekuensi\":0,\"total_value\":1.5,\"kompetensi\":6},{\"id\":47,\"name\":\"pernyataan_47\",\"kepentingan\":1,\"frekuensi\":4,\"total_value\":2.5,\"kompetensi\":6},{\"id\":48,\"name\":\"pernyataan_48\",\"kepentingan\":2,\"frekuensi\":1,\"total_value\":1.5,\"kompetensi\":6},{\"id\":49,\"name\":\"pernyataan_49\",\"kepentingan\":3,\"frekuensi\":5,\"total_value\":4,\"kompetensi\":7},{\"id\":50,\"name\":\"pernyataan_50\",\"kepentingan\":1,\"frekuensi\":3,\"total_value\":2,\"kompetensi\":7},{\"id\":51,\"name\":\"pernyataan_51\",\"kepentingan\":1,\"frekuensi\":3,\"total_value\":2,\"kompetensi\":7},{\"id\":52,\"name\":\"pernyataan_52\",\"kepentingan\":2,\"frekuensi\":0,\"total_value\":1,\"kompetensi\":7},{\"id\":53,\"name\":\"pernyataan_53\",\"kepentingan\":3,\"frekuensi\":3,\"total_value\":3,\"kompetensi\":7},{\"id\":54,\"name\":\"pernyataan_54\",\"kepentingan\":2,\"frekuensi\":0,\"total_value\":1,\"kompetensi\":7},{\"id\":55,\"name\":\"pernyataan_55\",\"kepentingan\":4,\"frekuensi\":3,\"total_value\":3.5,\"kompetensi\":7},{\"id\":56,\"name\":\"pernyataan_56\",\"kepentingan\":3,\"frekuensi\":3,\"total_value\":3,\"kompetensi\":7},{\"id\":57,\"name\":\"pernyataan_57\",\"kepentingan\":3,\"frekuensi\":4,\"total_value\":3.5,\"kompetensi\":8},{\"id\":58,\"name\":\"pernyataan_58\",\"kepentingan\":3,\"frekuensi\":0,\"total_value\":1.5,\"kompetensi\":8},{\"id\":59,\"name\":\"pernyataan_59\",\"kepentingan\":4,\"frekuensi\":1,\"total_value\":2.5,\"kompetensi\":8},{\"id\":60,\"name\":\"pernyataan_60\",\"kepentingan\":2,\"frekuensi\":5,\"total_value\":3.5,\"kompetensi\":8},{\"id\":61,\"name\":\"pernyataan_61\",\"kepentingan\":3,\"frekuensi\":0,\"total_value\":1.5,\"kompetensi\":8},{\"id\":62,\"name\":\"pernyataan_62\",\"kepentingan\":4,\"frekuensi\":3,\"total_value\":3.5,\"kompetensi\":8},{\"id\":63,\"name\":\"pernyataan_63\",\"kepentingan\":2,\"frekuensi\":4,\"total_value\":3,\"kompetensi\":8},{\"id\":64,\"name\":\"pernyataan_64\",\"kepentingan\":2,\"frekuensi\":2,\"total_value\":2,\"kompetensi\":8},{\"id\":65,\"name\":\"pernyataan_65\",\"kepentingan\":4,\"frekuensi\":2,\"total_value\":3,\"kompetensi\":9},{\"id\":66,\"name\":\"pernyataan_66\",\"kepentingan\":3,\"frekuensi\":4,\"total_value\":3.5,\"kompetensi\":9},{\"id\":67,\"name\":\"pernyataan_67\",\"kepentingan\":1,\"frekuensi\":4,\"total_value\":2.5,\"kompetensi\":9},{\"id\":68,\"name\":\"pernyataan_68\",\"kepentingan\":3,\"frekuensi\":3,\"total_value\":3,\"kompetensi\":9},{\"id\":69,\"name\":\"pernyataan_69\",\"kepentingan\":1,\"frekuensi\":3,\"total_value\":2,\"kompetensi\":9},{\"id\":70,\"name\":\"pernyataan_70\",\"kepentingan\":1,\"frekuensi\":4,\"total_value\":2.5,\"kompetensi\":9},{\"id\":71,\"name\":\"pernyataan_71\",\"kepentingan\":3,\"frekuensi\":1,\"total_value\":2,\"kompetensi\":9},{\"id\":72,\"name\":\"pernyataan_72\",\"kepentingan\":2,\"frekuensi\":2,\"total_value\":2,\"kompetensi\":9},{\"id\":73,\"name\":\"pernyataan_73\",\"kepentingan\":2,\"frekuensi\":1,\"total_value\":1.5,\"kompetensi\":10},{\"id\":74,\"name\":\"pernyataan_74\",\"kepentingan\":2,\"frekuensi\":3,\"total_value\":2.5,\"kompetensi\":10},{\"id\":75,\"name\":\"pernyataan_75\",\"kepentingan\":4,\"frekuensi\":0,\"total_value\":2,\"kompetensi\":10},{\"id\":76,\"name\":\"pernyataan_76\",\"kepentingan\":4,\"frekuensi\":5,\"total_value\":4.5,\"kompetensi\":10},{\"id\":77,\"name\":\"pernyataan_77\",\"kepentingan\":2,\"frekuensi\":3,\"total_value\":2.5,\"kompetensi\":10},{\"id\":78,\"name\":\"pernyataan_78\",\"kepentingan\":4,\"frekuensi\":2,\"total_value\":3,\"kompetensi\":10},{\"id\":79,\"name\":\"pernyataan_79\",\"kepentingan\":1,\"frekuensi\":3,\"total_value\":2,\"kompetensi\":10},{\"id\":80,\"name\":\"pernyataan_80\",\"kepentingan\":4,\"frekuensi\":1,\"total_value\":2.5,\"kompetensi\":10},{\"id\":81,\"name\":\"pernyataan_81\",\"kepentingan\":2,\"frekuensi\":3,\"total_value\":2.5,\"kompetensi\":11},{\"id\":82,\"name\":\"pernyataan_82\",\"kepentingan\":4,\"frekuensi\":0,\"total_value\":2,\"kompetensi\":11},{\"id\":83,\"name\":\"pernyataan_83\",\"kepentingan\":2,\"frekuensi\":5,\"total_value\":3.5,\"kompetensi\":11},{\"id\":84,\"name\":\"pernyataan_84\",\"kepentingan\":4,\"frekuensi\":4,\"total_value\":4,\"kompetensi\":11},{\"id\":85,\"name\":\"pernyataan_85\",\"kepentingan\":2,\"frekuensi\":0,\"total_value\":1,\"kompetensi\":11},{\"id\":86,\"name\":\"pernyataan_86\",\"kepentingan\":4,\"frekuensi\":4,\"total_value\":4,\"kompetensi\":11},{\"id\":87,\"name\":\"pernyataan_87\",\"kepentingan\":2,\"frekuensi\":1,\"total_value\":1.5,\"kompetensi\":11},{\"id\":88,\"name\":\"pernyataan_88\",\"kepentingan\":2,\"frekuensi\":2,\"total_value\":2,\"kompetensi\":11},{\"id\":89,\"name\":\"pernyataan_89\",\"kepentingan\":3,\"frekuensi\":4,\"total_value\":3.5,\"kompetensi\":12},{\"id\":90,\"name\":\"pernyataan_90\",\"kepentingan\":3,\"frekuensi\":5,\"total_value\":4,\"kompetensi\":12},{\"id\":91,\"name\":\"pernyataan_91\",\"kepentingan\":3,\"frekuensi\":0,\"total_value\":1.5,\"kompetensi\":12},{\"id\":92,\"name\":\"pernyataan_92\",\"kepentingan\":1,\"frekuensi\":3,\"total_value\":2,\"kompetensi\":12},{\"id\":93,\"name\":\"pernyataan_93\",\"kepentingan\":4,\"frekuensi\":4,\"total_value\":4,\"kompetensi\":12},{\"id\":94,\"name\":\"pernyataan_94\",\"kepentingan\":3,\"frekuensi\":2,\"total_value\":2.5,\"kompetensi\":12},{\"id\":95,\"name\":\"pernyataan_95\",\"kepentingan\":3,\"frekuensi\":2,\"total_value\":2.5,\"kompetensi\":12},{\"id\":96,\"name\":\"pernyataan_96\",\"kepentingan\":4,\"frekuensi\":2,\"total_value\":3,\"kompetensi\":12},{\"id\":97,\"name\":\"pernyataan_97\",\"kepentingan\":3,\"frekuensi\":5,\"total_value\":4,\"kompetensi\":13},{\"id\":98,\"name\":\"pernyataan_98\",\"kepentingan\":3,\"frekuensi\":2,\"total_value\":2.5,\"kompetensi\":13},{\"id\":99,\"name\":\"pernyataan_99\",\"kepentingan\":4,\"frekuensi\":2,\"total_value\":3,\"kompetensi\":13},{\"id\":100,\"name\":\"pernyataan_100\",\"kepentingan\":3,\"frekuensi\":1,\"total_value\":2,\"kompetensi\":13},{\"id\":101,\"name\":\"pernyataan_101\",\"kepentingan\":4,\"frekuensi\":2,\"total_value\":3,\"kompetensi\":13},{\"id\":102,\"name\":\"pernyataan_102\",\"kepentingan\":4,\"frekuensi\":3,\"total_value\":3.5,\"kompetensi\":13},{\"id\":103,\"name\":\"pernyataan_103\",\"kepentingan\":4,\"frekuensi\":2,\"total_value\":3,\"kompetensi\":13},{\"id\":104,\"name\":\"pernyataan_104\",\"kepentingan\":1,\"frekuensi\":4,\"total_value\":2.5,\"kompetensi\":13},{\"id\":105,\"name\":\"pernyataan_105\",\"kepentingan\":1,\"frekuensi\":2,\"total_value\":1.5,\"kompetensi\":14},{\"id\":106,\"name\":\"pernyataan_106\",\"kepentingan\":2,\"frekuensi\":2,\"total_value\":2,\"kompetensi\":14},{\"id\":107,\"name\":\"pernyataan_107\",\"kepentingan\":1,\"frekuensi\":5,\"total_value\":3,\"kompetensi\":14},{\"id\":108,\"name\":\"pernyataan_108\",\"kepentingan\":2,\"frekuensi\":0,\"total_value\":1,\"kompetensi\":14},{\"id\":109,\"name\":\"pernyataan_109\",\"kepentingan\":3,\"frekuensi\":1,\"total_value\":2,\"kompetensi\":14},{\"id\":110,\"name\":\"pernyataan_110\",\"kepentingan\":1,\"frekuensi\":3,\"total_value\":2,\"kompetensi\":14},{\"id\":111,\"name\":\"pernyataan_111\",\"kepentingan\":1,\"frekuensi\":5,\"total_value\":3,\"kompetensi\":14},{\"id\":112,\"name\":\"pernyataan_112\",\"kepentingan\":4,\"frekuensi\":1,\"total_value\":2.5,\"kompetensi\":14},{\"id\":113,\"name\":\"pernyataan_113\",\"kepentingan\":3,\"frekuensi\":1,\"total_value\":2,\"kompetensi\":15},{\"id\":114,\"name\":\"pernyataan_114\",\"kepentingan\":4,\"frekuensi\":5,\"total_value\":4.5,\"kompetensi\":15},{\"id\":115,\"name\":\"pernyataan_115\",\"kepentingan\":1,\"frekuensi\":2,\"total_value\":1.5,\"kompetensi\":15},{\"id\":116,\"name\":\"pernyataan_116\",\"kepentingan\":2,\"frekuensi\":5,\"total_value\":3.5,\"kompetensi\":15},{\"id\":117,\"name\":\"pernyataan_117\",\"kepentingan\":4,\"frekuensi\":4,\"total_value\":4,\"kompetensi\":15},{\"id\":118,\"name\":\"pernyataan_118\",\"kepentingan\":3,\"frekuensi\":3,\"total_value\":3,\"kompetensi\":15},{\"id\":119,\"name\":\"pernyataan_119\",\"kepentingan\":2,\"frekuensi\":5,\"total_value\":3.5,\"kompetensi\":15},{\"id\":120,\"name\":\"pernyataan_120\",\"kepentingan\":3,\"frekuensi\":2,\"total_value\":2.5,\"kompetensi\":15},{\"id\":121,\"name\":\"pernyataan_121\",\"kepentingan\":2,\"frekuensi\":5,\"total_value\":3.5,\"kompetensi\":16},{\"id\":122,\"name\":\"pernyataan_122\",\"kepentingan\":2,\"frekuensi\":0,\"total_value\":1,\"kompetensi\":16},{\"id\":123,\"name\":\"pernyataan_123\",\"kepentingan\":3,\"frekuensi\":2,\"total_value\":2.5,\"kompetensi\":16},{\"id\":124,\"name\":\"pernyataan_124\",\"kepentingan\":2,\"frekuensi\":1,\"total_value\":1.5,\"kompetensi\":16},{\"id\":125,\"name\":\"pernyataan_125\",\"kepentingan\":3,\"frekuensi\":1,\"total_value\":2,\"kompetensi\":16},{\"id\":126,\"name\":\"pernyataan_126\",\"kepentingan\":3,\"frekuensi\":5,\"total_value\":4,\"kompetensi\":16},{\"id\":127,\"name\":\"pernyataan_127\",\"kepentingan\":4,\"frekuensi\":2,\"total_value\":3,\"kompetensi\":16},{\"id\":128,\"name\":\"pernyataan_128\",\"kepentingan\":2,\"frekuensi\":5,\"total_value\":3.5,\"kompetensi\":16},{\"id\":129,\"name\":\"pernyataan_129\",\"kepentingan\":2,\"frekuensi\":0,\"total_value\":1,\"kompetensi\":17},{\"id\":130,\"name\":\"pernyataan_130\",\"kepentingan\":2,\"frekuensi\":3,\"total_value\":2.5,\"kompetensi\":17},{\"id\":131,\"name\":\"pernyataan_131\",\"kepentingan\":2,\"frekuensi\":2,\"total_value\":2,\"kompetensi\":17},{\"id\":132,\"name\":\"pernyataan_132\",\"kepentingan\":2,\"frekuensi\":1,\"total_value\":1.5,\"kompetensi\":17},{\"id\":133,\"name\":\"pernyataan_133\",\"kepentingan\":1,\"frekuensi\":1,\"total_value\":1,\"kompetensi\":17},{\"id\":134,\"name\":\"pernyataan_134\",\"kepentingan\":4,\"frekuensi\":1,\"total_value\":2.5,\"kompetensi\":17},{\"id\":135,\"name\":\"pernyataan_135\",\"kepentingan\":1,\"frekuensi\":4,\"total_value\":2.5,\"kompetensi\":17},{\"id\":136,\"name\":\"pernyataan_136\",\"kepentingan\":1,\"frekuensi\":1,\"total_value\":1,\"kompetensi\":17},{\"id\":137,\"name\":\"pernyataan_137\",\"kepentingan\":2,\"frekuensi\":3,\"total_value\":2.5,\"kompetensi\":18},{\"id\":138,\"name\":\"pernyataan_138\",\"kepentingan\":2,\"frekuensi\":0,\"total_value\":1,\"kompetensi\":18},{\"id\":139,\"name\":\"pernyataan_139\",\"kepentingan\":4,\"frekuensi\":5,\"total_value\":4.5,\"kompetensi\":18},{\"id\":140,\"name\":\"pernyataan_140\",\"kepentingan\":1,\"frekuensi\":5,\"total_value\":3,\"kompetensi\":18},{\"id\":141,\"name\":\"pernyataan_141\",\"kepentingan\":3,\"frekuensi\":1,\"total_value\":2,\"kompetensi\":18},{\"id\":142,\"name\":\"pernyataan_142\",\"kepentingan\":2,\"frekuensi\":1,\"total_value\":1.5,\"kompetensi\":18},{\"id\":143,\"name\":\"pernyataan_143\",\"kepentingan\":4,\"frekuensi\":1,\"total_value\":2.5,\"kompetensi\":18},{\"id\":144,\"name\":\"pernyataan_144\",\"kepentingan\":1,\"frekuensi\":1,\"total_value\":1,\"kompetensi\":18},{\"id\":145,\"name\":\"pernyataan_145\",\"kepentingan\":1,\"frekuensi\":2,\"total_value\":1.5,\"kompetensi\":19},{\"id\":146,\"name\":\"pernyataan_146\",\"kepentingan\":1,\"frekuensi\":5,\"total_value\":3,\"kompetensi\":19},{\"id\":147,\"name\":\"pernyataan_147\",\"kepentingan\":4,\"frekuensi\":3,\"total_value\":3.5,\"kompetensi\":19},{\"id\":148,\"name\":\"pernyataan_148\",\"kepentingan\":4,\"frekuensi\":1,\"total_value\":2.5,\"kompetensi\":19},{\"id\":149,\"name\":\"pernyataan_149\",\"kepentingan\":2,\"frekuensi\":2,\"total_value\":2,\"kompetensi\":19},{\"id\":150,\"name\":\"pernyataan_150\",\"kepentingan\":2,\"frekuensi\":2,\"total_value\":2,\"kompetensi\":19},{\"id\":151,\"name\":\"pernyataan_151\",\"kepentingan\":3,\"frekuensi\":0,\"total_value\":1.5,\"kompetensi\":19},{\"id\":152,\"name\":\"pernyataan_152\",\"kepentingan\":3,\"frekuensi\":4,\"total_value\":3.5,\"kompetensi\":19},{\"id\":153,\"name\":\"pernyataan_153\",\"kepentingan\":4,\"frekuensi\":3,\"total_value\":3.5,\"kompetensi\":20},{\"id\":154,\"name\":\"pernyataan_154\",\"kepentingan\":2,\"frekuensi\":3,\"total_value\":2.5,\"kompetensi\":20},{\"id\":155,\"name\":\"pernyataan_155\",\"kepentingan\":2,\"frekuensi\":5,\"total_value\":3.5,\"kompetensi\":20},{\"id\":156,\"name\":\"pernyataan_156\",\"kepentingan\":4,\"frekuensi\":2,\"total_value\":3,\"kompetensi\":20},{\"id\":157,\"name\":\"pernyataan_157\",\"kepentingan\":4,\"frekuensi\":3,\"total_value\":3.5,\"kompetensi\":20},{\"id\":158,\"name\":\"pernyataan_158\",\"kepentingan\":3,\"frekuensi\":3,\"total_value\":3,\"kompetensi\":20},{\"id\":159,\"name\":\"pernyataan_159\",\"kepentingan\":4,\"frekuensi\":0,\"total_value\":2,\"kompetensi\":20},{\"id\":160,\"name\":\"pernyataan_160\",\"kepentingan\":2,\"frekuensi\":0,\"total_value\":1,\"kompetensi\":20},{\"id\":161,\"name\":\"pernyataan_161\",\"kepentingan\":3,\"frekuensi\":0,\"total_value\":1.5,\"kompetensi\":21},{\"id\":162,\"name\":\"pernyataan_162\",\"kepentingan\":1,\"frekuensi\":3,\"total_value\":2,\"kompetensi\":21},{\"id\":163,\"name\":\"pernyataan_163\",\"kepentingan\":2,\"frekuensi\":0,\"total_value\":1,\"kompetensi\":21},{\"id\":164,\"name\":\"pernyataan_164\",\"kepentingan\":2,\"frekuensi\":2,\"total_value\":2,\"kompetensi\":21},{\"id\":165,\"name\":\"pernyataan_165\",\"kepentingan\":3,\"frekuensi\":1,\"total_value\":2,\"kompetensi\":21},{\"id\":166,\"name\":\"pernyataan_166\",\"kepentingan\":4,\"frekuensi\":2,\"total_value\":3,\"kompetensi\":21},{\"id\":167,\"name\":\"pernyataan_167\",\"kepentingan\":4,\"frekuensi\":2,\"total_value\":3,\"kompetensi\":21},{\"id\":168,\"name\":\"pernyataan_168\",\"kepentingan\":3,\"frekuensi\":4,\"total_value\":3.5,\"kompetensi\":21},{\"id\":169,\"name\":\"pernyataan_169\",\"kepentingan\":4,\"frekuensi\":4,\"total_value\":4,\"kompetensi\":22},{\"id\":170,\"name\":\"pernyataan_170\",\"kepentingan\":4,\"frekuensi\":5,\"total_value\":4.5,\"kompetensi\":22},{\"id\":171,\"name\":\"pernyataan_171\",\"kepentingan\":2,\"frekuensi\":5,\"total_value\":3.5,\"kompetensi\":22},{\"id\":172,\"name\":\"pernyataan_172\",\"kepentingan\":3,\"frekuensi\":0,\"total_value\":1.5,\"kompetensi\":22},{\"id\":173,\"name\":\"pernyataan_173\",\"kepentingan\":3,\"frekuensi\":5,\"total_value\":4,\"kompetensi\":22},{\"id\":174,\"name\":\"pernyataan_174\",\"kepentingan\":1,\"frekuensi\":5,\"total_value\":3,\"kompetensi\":22},{\"id\":175,\"name\":\"pernyataan_175\",\"kepentingan\":1,\"frekuensi\":0,\"total_value\":0.5,\"kompetensi\":22},{\"id\":176,\"name\":\"pernyataan_176\",\"kepentingan\":3,\"frekuensi\":4,\"total_value\":3.5,\"kompetensi\":22},{\"id\":177,\"name\":\"pernyataan_177\",\"kepentingan\":2,\"frekuensi\":2,\"total_value\":2,\"kompetensi\":23},{\"id\":178,\"name\":\"pernyataan_178\",\"kepentingan\":4,\"frekuensi\":4,\"total_value\":4,\"kompetensi\":23},{\"id\":179,\"name\":\"pernyataan_179\",\"kepentingan\":4,\"frekuensi\":0,\"total_value\":2,\"kompetensi\":23},{\"id\":180,\"name\":\"pernyataan_180\",\"kepentingan\":4,\"frekuensi\":1,\"total_value\":2.5,\"kompetensi\":23},{\"id\":181,\"name\":\"pernyataan_181\",\"kepentingan\":3,\"frekuensi\":0,\"total_value\":1.5,\"kompetensi\":23},{\"id\":182,\"name\":\"pernyataan_182\",\"kepentingan\":2,\"frekuensi\":3,\"total_value\":2.5,\"kompetensi\":23},{\"id\":183,\"name\":\"pernyataan_183\",\"kepentingan\":3,\"frekuensi\":0,\"total_value\":1.5,\"kompetensi\":23},{\"id\":184,\"name\":\"pernyataan_184\",\"kepentingan\":4,\"frekuensi\":0,\"total_value\":2,\"kompetensi\":23},{\"id\":185,\"name\":\"pernyataan_185\",\"kepentingan\":2,\"frekuensi\":4,\"total_value\":3,\"kompetensi\":24},{\"id\":186,\"name\":\"pernyataan_186\",\"kepentingan\":4,\"frekuensi\":1,\"total_value\":2.5,\"kompetensi\":24},{\"id\":187,\"name\":\"pernyataan_187\",\"kepentingan\":4,\"frekuensi\":2,\"total_value\":3,\"kompetensi\":24},{\"id\":188,\"name\":\"pernyataan_188\",\"kepentingan\":1,\"frekuensi\":1,\"total_value\":1,\"kompetensi\":24},{\"id\":189,\"name\":\"pernyataan_189\",\"kepentingan\":1,\"frekuensi\":0,\"total_value\":0.5,\"kompetensi\":24},{\"id\":190,\"name\":\"pernyataan_190\",\"kepentingan\":2,\"frekuensi\":4,\"total_value\":3,\"kompetensi\":24},{\"id\":191,\"name\":\"pernyataan_191\",\"kepentingan\":3,\"frekuensi\":5,\"total_value\":4,\"kompetensi\":24},{\"id\":192,\"name\":\"pernyataan_192\",\"kepentingan\":2,\"frekuensi\":4,\"total_value\":3,\"kompetensi\":24},{\"id\":193,\"name\":\"pernyataan_193\",\"kepentingan\":4,\"frekuensi\":5,\"total_value\":4.5,\"kompetensi\":25},{\"id\":194,\"name\":\"pernyataan_194\",\"kepentingan\":4,\"frekuensi\":0,\"total_value\":2,\"kompetensi\":25},{\"id\":195,\"name\":\"pernyataan_195\",\"kepentingan\":3,\"frekuensi\":3,\"total_value\":3,\"kompetensi\":25},{\"id\":196,\"name\":\"pernyataan_196\",\"kepentingan\":3,\"frekuensi\":0,\"total_value\":1.5,\"kompetensi\":25},{\"id\":197,\"name\":\"pernyataan_197\",\"kepentingan\":3,\"frekuensi\":0,\"total_value\":1.5,\"kompetensi\":25},{\"id\":198,\"name\":\"pernyataan_198\",\"kepentingan\":1,\"frekuensi\":0,\"total_value\":0.5,\"kompetensi\":25},{\"id\":199,\"name\":\"pernyataan_199\",\"kepentingan\":1,\"frekuensi\":4,\"total_value\":2.5,\"kompetensi\":25},{\"id\":200,\"name\":\"pernyataan_200\",\"kepentingan\":4,\"frekuensi\":4,\"total_value\":4,\"kompetensi\":25},{\"id\":201,\"name\":\"pernyataan_201\",\"kepentingan\":1,\"frekuensi\":0,\"total_value\":0.5,\"kompetensi\":26},{\"id\":202,\"name\":\"pernyataan_202\",\"kepentingan\":2,\"frekuensi\":4,\"total_value\":3,\"kompetensi\":26},{\"id\":203,\"name\":\"pernyataan_203\",\"kepentingan\":2,\"frekuensi\":0,\"total_value\":1,\"kompetensi\":26},{\"id\":204,\"name\":\"pernyataan_204\",\"kepentingan\":4,\"frekuensi\":1,\"total_value\":2.5,\"kompetensi\":26},{\"id\":205,\"name\":\"pernyataan_205\",\"kepentingan\":4,\"frekuensi\":4,\"total_value\":4,\"kompetensi\":26},{\"id\":206,\"name\":\"pernyataan_206\",\"kepentingan\":2,\"frekuensi\":1,\"total_value\":1.5,\"kompetensi\":26},{\"id\":207,\"name\":\"pernyataan_207\",\"kepentingan\":2,\"frekuensi\":4,\"total_value\":3,\"kompetensi\":26},{\"id\":208,\"name\":\"pernyataan_208\",\"kepentingan\":2,\"frekuensi\":3,\"total_value\":2.5,\"kompetensi\":26},{\"id\":209,\"name\":\"pernyataan_209\",\"kepentingan\":2,\"frekuensi\":5,\"total_value\":3.5,\"kompetensi\":27},{\"id\":210,\"name\":\"pernyataan_210\",\"kepentingan\":1,\"frekuensi\":0,\"total_value\":0.5,\"kompetensi\":27},{\"id\":211,\"name\":\"pernyataan_211\",\"kepentingan\":3,\"frekuensi\":1,\"total_value\":2,\"kompetensi\":27},{\"id\":212,\"name\":\"pernyataan_212\",\"kepentingan\":1,\"frekuensi\":1,\"total_value\":1,\"kompetensi\":27},{\"id\":213,\"name\":\"pernyataan_213\",\"kepentingan\":3,\"frekuensi\":5,\"total_value\":4,\"kompetensi\":27},{\"id\":214,\"name\":\"pernyataan_214\",\"kepentingan\":1,\"frekuensi\":5,\"total_value\":3,\"kompetensi\":27},{\"id\":215,\"name\":\"pernyataan_215\",\"kepentingan\":1,\"frekuensi\":2,\"total_value\":1.5,\"kompetensi\":27},{\"id\":216,\"name\":\"pernyataan_216\",\"kepentingan\":4,\"frekuensi\":0,\"total_value\":2,\"kompetensi\":27},{\"id\":217,\"name\":\"pernyataan_217\",\"kepentingan\":1,\"frekuensi\":0,\"total_value\":0.5,\"kompetensi\":28},{\"id\":218,\"name\":\"pernyataan_218\",\"kepentingan\":4,\"frekuensi\":1,\"total_value\":2.5,\"kompetensi\":28},{\"id\":219,\"name\":\"pernyataan_219\",\"kepentingan\":1,\"frekuensi\":5,\"total_value\":3,\"kompetensi\":28},{\"id\":220,\"name\":\"pernyataan_220\",\"kepentingan\":1,\"frekuensi\":3,\"total_value\":2,\"kompetensi\":28},{\"id\":221,\"name\":\"pernyataan_221\",\"kepentingan\":2,\"frekuensi\":4,\"total_value\":3,\"kompetensi\":28},{\"id\":222,\"name\":\"pernyataan_222\",\"kepentingan\":3,\"frekuensi\":0,\"total_value\":1.5,\"kompetensi\":28},{\"id\":223,\"name\":\"pernyataan_223\",\"kepentingan\":3,\"frekuensi\":0,\"total_value\":1.5,\"kompetensi\":28},{\"id\":224,\"name\":\"pernyataan_224\",\"kepentingan\":4,\"frekuensi\":1,\"total_value\":2.5,\"kompetensi\":28},{\"id\":225,\"name\":\"pernyataan_225\",\"kepentingan\":3,\"frekuensi\":3,\"total_value\":3,\"kompetensi\":29},{\"id\":226,\"name\":\"pernyataan_226\",\"kepentingan\":1,\"frekuensi\":1,\"total_value\":1,\"kompetensi\":29},{\"id\":227,\"name\":\"pernyataan_227\",\"kepentingan\":4,\"frekuensi\":0,\"total_value\":2,\"kompetensi\":29},{\"id\":228,\"name\":\"pernyataan_228\",\"kepentingan\":4,\"frekuensi\":4,\"total_value\":4,\"kompetensi\":29},{\"id\":229,\"name\":\"pernyataan_229\",\"kepentingan\":2,\"frekuensi\":4,\"total_value\":3,\"kompetensi\":29},{\"id\":230,\"name\":\"pernyataan_230\",\"kepentingan\":4,\"frekuensi\":0,\"total_value\":2,\"kompetensi\":29},{\"id\":231,\"name\":\"pernyataan_231\",\"kepentingan\":2,\"frekuensi\":3,\"total_value\":2.5,\"kompetensi\":29},{\"id\":232,\"name\":\"pernyataan_232\",\"kepentingan\":3,\"frekuensi\":4,\"total_value\":3.5,\"kompetensi\":29},{\"id\":233,\"name\":\"pernyataan_233\",\"kepentingan\":1,\"frekuensi\":1,\"total_value\":1,\"kompetensi\":30},{\"id\":234,\"name\":\"pernyataan_234\",\"kepentingan\":2,\"frekuensi\":1,\"total_value\":1.5,\"kompetensi\":30},{\"id\":235,\"name\":\"pernyataan_235\",\"kepentingan\":1,\"frekuensi\":4,\"total_value\":2.5,\"kompetensi\":30},{\"id\":236,\"name\":\"pernyataan_236\",\"kepentingan\":1,\"frekuensi\":2,\"total_value\":1.5,\"kompetensi\":30},{\"id\":237,\"name\":\"pernyataan_237\",\"kepentingan\":1,\"frekuensi\":2,\"total_value\":1.5,\"kompetensi\":30},{\"id\":238,\"name\":\"pernyataan_238\",\"kepentingan\":4,\"frekuensi\":4,\"total_value\":4,\"kompetensi\":30},{\"id\":239,\"name\":\"pernyataan_239\",\"kepentingan\":4,\"frekuensi\":2,\"total_value\":3,\"kompetensi\":30},{\"id\":240,\"name\":\"pernyataan_240\",\"kepentingan\":1,\"frekuensi\":3,\"total_value\":2,\"kompetensi\":30},{\"id\":241,\"name\":\"pernyataan_241\",\"kepentingan\":2,\"frekuensi\":5,\"total_value\":3.5,\"kompetensi\":31},{\"id\":242,\"name\":\"pernyataan_242\",\"kepentingan\":3,\"frekuensi\":5,\"total_value\":4,\"kompetensi\":31},{\"id\":243,\"name\":\"pernyataan_243\",\"kepentingan\":2,\"frekuensi\":4,\"total_value\":3,\"kompetensi\":31},{\"id\":244,\"name\":\"pernyataan_244\",\"kepentingan\":1,\"frekuensi\":4,\"total_value\":2.5,\"kompetensi\":31},{\"id\":245,\"name\":\"pernyataan_245\",\"kepentingan\":3,\"frekuensi\":3,\"total_value\":3,\"kompetensi\":31},{\"id\":246,\"name\":\"pernyataan_246\",\"kepentingan\":1,\"frekuensi\":1,\"total_value\":1,\"kompetensi\":31},{\"id\":247,\"name\":\"pernyataan_247\",\"kepentingan\":1,\"frekuensi\":0,\"total_value\":0.5,\"kompetensi\":31},{\"id\":248,\"name\":\"pernyataan_248\",\"kepentingan\":4,\"frekuensi\":2,\"total_value\":3,\"kompetensi\":31},{\"id\":249,\"name\":\"pernyataan_249\",\"kepentingan\":1,\"frekuensi\":4,\"total_value\":2.5,\"kompetensi\":32},{\"id\":250,\"name\":\"pernyataan_250\",\"kepentingan\":4,\"frekuensi\":5,\"total_value\":4.5,\"kompetensi\":32},{\"id\":251,\"name\":\"pernyataan_251\",\"kepentingan\":2,\"frekuensi\":4,\"total_value\":3,\"kompetensi\":32},{\"id\":252,\"name\":\"pernyataan_252\",\"kepentingan\":3,\"frekuensi\":5,\"total_value\":4,\"kompetensi\":32},{\"id\":253,\"name\":\"pernyataan_253\",\"kepentingan\":4,\"frekuensi\":0,\"total_value\":2,\"kompetensi\":32},{\"id\":254,\"name\":\"pernyataan_254\",\"kepentingan\":3,\"frekuensi\":3,\"total_value\":3,\"kompetensi\":32},{\"id\":255,\"name\":\"pernyataan_255\",\"kepentingan\":3,\"frekuensi\":3,\"total_value\":3,\"kompetensi\":32},{\"id\":256,\"name\":\"pernyataan_256\",\"kepentingan\":2,\"frekuensi\":5,\"total_value\":3.5,\"kompetensi\":32},{\"id\":257,\"name\":\"pernyataan_257\",\"kepentingan\":4,\"frekuensi\":0,\"total_value\":2,\"kompetensi\":33},{\"id\":258,\"name\":\"pernyataan_258\",\"kepentingan\":2,\"frekuensi\":1,\"total_value\":1.5,\"kompetensi\":33},{\"id\":259,\"name\":\"pernyataan_259\",\"kepentingan\":4,\"frekuensi\":3,\"total_value\":3.5,\"kompetensi\":33},{\"id\":260,\"name\":\"pernyataan_260\",\"kepentingan\":4,\"frekuensi\":5,\"total_value\":4.5,\"kompetensi\":33},{\"id\":261,\"name\":\"pernyataan_261\",\"kepentingan\":3,\"frekuensi\":2,\"total_value\":2.5,\"kompetensi\":33},{\"id\":262,\"name\":\"pernyataan_262\",\"kepentingan\":1,\"frekuensi\":4,\"total_value\":2.5,\"kompetensi\":33},{\"id\":263,\"name\":\"pernyataan_263\",\"kepentingan\":4,\"frekuensi\":4,\"total_value\":4,\"kompetensi\":33},{\"id\":264,\"name\":\"pernyataan_264\",\"kepentingan\":3,\"frekuensi\":2,\"total_value\":2.5,\"kompetensi\":33},{\"id\":265,\"name\":\"pernyataan_265\",\"kepentingan\":4,\"frekuensi\":5,\"total_value\":4.5,\"kompetensi\":34},{\"id\":266,\"name\":\"pernyataan_266\",\"kepentingan\":4,\"frekuensi\":5,\"total_value\":4.5,\"kompetensi\":34},{\"id\":267,\"name\":\"pernyataan_267\",\"kepentingan\":1,\"frekuensi\":4,\"total_value\":2.5,\"kompetensi\":34},{\"id\":268,\"name\":\"pernyataan_268\",\"kepentingan\":1,\"frekuensi\":5,\"total_value\":3,\"kompetensi\":34},{\"id\":269,\"name\":\"pernyataan_269\",\"kepentingan\":4,\"frekuensi\":1,\"total_value\":2.5,\"kompetensi\":34},{\"id\":270,\"name\":\"pernyataan_270\",\"kepentingan\":3,\"frekuensi\":0,\"total_value\":1.5,\"kompetensi\":34},{\"id\":271,\"name\":\"pernyataan_271\",\"kepentingan\":2,\"frekuensi\":4,\"total_value\":3,\"kompetensi\":34},{\"id\":272,\"name\":\"pernyataan_272\",\"kepentingan\":1,\"frekuensi\":5,\"total_value\":3,\"kompetensi\":34},{\"id\":273,\"name\":\"pernyataan_273\",\"kepentingan\":1,\"frekuensi\":0,\"total_value\":0.5,\"kompetensi\":35},{\"id\":274,\"name\":\"pernyataan_274\",\"kepentingan\":2,\"frekuensi\":2,\"total_value\":2,\"kompetensi\":35},{\"id\":275,\"name\":\"pernyataan_275\",\"kepentingan\":1,\"frekuensi\":4,\"total_value\":2.5,\"kompetensi\":35},{\"id\":276,\"name\":\"pernyataan_276\",\"kepentingan\":4,\"frekuensi\":4,\"total_value\":4,\"kompetensi\":35},{\"id\":277,\"name\":\"pernyataan_277\",\"kepentingan\":4,\"frekuensi\":1,\"total_value\":2.5,\"kompetensi\":35},{\"id\":278,\"name\":\"pernyataan_278\",\"kepentingan\":4,\"frekuensi\":5,\"total_value\":4.5,\"kompetensi\":35},{\"id\":279,\"name\":\"pernyataan_279\",\"kepentingan\":1,\"frekuensi\":5,\"total_value\":3,\"kompetensi\":35},{\"id\":280,\"name\":\"pernyataan_280\",\"kepentingan\":1,\"frekuensi\":5,\"total_value\":3,\"kompetensi\":35},{\"id\":281,\"name\":\"pernyataan_281\",\"kepentingan\":2,\"frekuensi\":0,\"total_value\":1,\"kompetensi\":36},{\"id\":282,\"name\":\"pernyataan_282\",\"kepentingan\":1,\"frekuensi\":4,\"total_value\":2.5,\"kompetensi\":36},{\"id\":283,\"name\":\"pernyataan_283\",\"kepentingan\":2,\"frekuensi\":4,\"total_value\":3,\"kompetensi\":36},{\"id\":284,\"name\":\"pernyataan_284\",\"kepentingan\":2,\"frekuensi\":0,\"total_value\":1,\"kompetensi\":36},{\"id\":285,\"name\":\"pernyataan_285\",\"kepentingan\":4,\"frekuensi\":5,\"total_value\":4.5,\"kompetensi\":36},{\"id\":286,\"name\":\"pernyataan_286\",\"kepentingan\":3,\"frekuensi\":3,\"total_value\":3,\"kompetensi\":36},{\"id\":287,\"name\":\"pernyataan_287\",\"kepentingan\":3,\"frekuensi\":1,\"total_value\":2,\"kompetensi\":36},{\"id\":288,\"name\":\"pernyataan_288\",\"kepentingan\":3,\"frekuensi\":4,\"total_value\":3.5,\"kompetensi\":36},{\"id\":289,\"name\":\"pernyataan_289\",\"kepentingan\":4,\"frekuensi\":1,\"total_value\":2.5,\"kompetensi\":37},{\"id\":290,\"name\":\"pernyataan_290\",\"kepentingan\":2,\"frekuensi\":2,\"total_value\":2,\"kompetensi\":37},{\"id\":291,\"name\":\"pernyataan_291\",\"kepentingan\":4,\"frekuensi\":1,\"total_value\":2.5,\"kompetensi\":37},{\"id\":292,\"name\":\"pernyataan_292\",\"kepentingan\":4,\"frekuensi\":4,\"total_value\":4,\"kompetensi\":37},{\"id\":293,\"name\":\"pernyataan_293\",\"kepentingan\":2,\"frekuensi\":5,\"total_value\":3.5,\"kompetensi\":37},{\"id\":294,\"name\":\"pernyataan_294\",\"kepentingan\":2,\"frekuensi\":5,\"total_value\":3.5,\"kompetensi\":37},{\"id\":295,\"name\":\"pernyataan_295\",\"kepentingan\":3,\"frekuensi\":2,\"total_value\":2.5,\"kompetensi\":37},{\"id\":296,\"name\":\"pernyataan_296\",\"kepentingan\":2,\"frekuensi\":5,\"total_value\":3.5,\"kompetensi\":37},{\"id\":297,\"name\":\"pernyataan_297\",\"kepentingan\":3,\"frekuensi\":2,\"total_value\":2.5,\"kompetensi\":38},{\"id\":298,\"name\":\"pernyataan_298\",\"kepentingan\":3,\"frekuensi\":0,\"total_value\":1.5,\"kompetensi\":38},{\"id\":299,\"name\":\"pernyataan_299\",\"kepentingan\":3,\"frekuensi\":0,\"total_value\":1.5,\"kompetensi\":38},{\"id\":300,\"name\":\"pernyataan_300\",\"kepentingan\":2,\"frekuensi\":3,\"total_value\":2.5,\"kompetensi\":38},{\"id\":301,\"name\":\"pernyataan_301\",\"kepentingan\":2,\"frekuensi\":5,\"total_value\":3.5,\"kompetensi\":38},{\"id\":302,\"name\":\"pernyataan_302\",\"kepentingan\":2,\"frekuensi\":1,\"total_value\":1.5,\"kompetensi\":38},{\"id\":303,\"name\":\"pernyataan_303\",\"kepentingan\":3,\"frekuensi\":5,\"total_value\":4,\"kompetensi\":38},{\"id\":304,\"name\":\"pernyataan_304\",\"kepentingan\":2,\"frekuensi\":2,\"total_value\":2,\"kompetensi\":38},{\"id\":305,\"name\":\"pernyataan_305\",\"kepentingan\":2,\"frekuensi\":0,\"total_value\":1,\"kompetensi\":39},{\"id\":306,\"name\":\"pernyataan_306\",\"kepentingan\":3,\"frekuensi\":5,\"total_value\":4,\"kompetensi\":39},{\"id\":307,\"name\":\"pernyataan_307\",\"kepentingan\":2,\"frekuensi\":4,\"total_value\":3,\"kompetensi\":39},{\"id\":308,\"name\":\"pernyataan_308\",\"kepentingan\":1,\"frekuensi\":3,\"total_value\":2,\"kompetensi\":39},{\"id\":309,\"name\":\"pernyataan_309\",\"kepentingan\":2,\"frekuensi\":3,\"total_value\":2.5,\"kompetensi\":39},{\"id\":310,\"name\":\"pernyataan_310\",\"kepentingan\":4,\"frekuensi\":1,\"total_value\":2.5,\"kompetensi\":39},{\"id\":311,\"name\":\"pernyataan_311\",\"kepentingan\":4,\"frekuensi\":1,\"total_value\":2.5,\"kompetensi\":39},{\"id\":312,\"name\":\"pernyataan_312\",\"kepentingan\":3,\"frekuensi\":4,\"total_value\":3.5,\"kompetensi\":39},{\"id\":313,\"name\":\"pernyataan_313\",\"kepentingan\":4,\"frekuensi\":1,\"total_value\":2.5,\"kompetensi\":40},{\"id\":314,\"name\":\"pernyataan_314\",\"kepentingan\":3,\"frekuensi\":2,\"total_value\":2.5,\"kompetensi\":40},{\"id\":315,\"name\":\"pernyataan_315\",\"kepentingan\":1,\"frekuensi\":5,\"total_value\":3,\"kompetensi\":40},{\"id\":316,\"name\":\"pernyataan_316\",\"kepentingan\":2,\"frekuensi\":0,\"total_value\":1,\"kompetensi\":40},{\"id\":317,\"name\":\"pernyataan_317\",\"kepentingan\":3,\"frekuensi\":0,\"total_value\":1.5,\"kompetensi\":40},{\"id\":318,\"name\":\"pernyataan_318\",\"kepentingan\":2,\"frekuensi\":5,\"total_value\":3.5,\"kompetensi\":40},{\"id\":319,\"name\":\"pernyataan_319\",\"kepentingan\":4,\"frekuensi\":4,\"total_value\":4,\"kompetensi\":40},{\"id\":320,\"name\":\"pernyataan_320\",\"kepentingan\":2,\"frekuensi\":3,\"total_value\":2.5,\"kompetensi\":40},{\"id\":321,\"name\":\"pernyataan_321\",\"kepentingan\":3,\"frekuensi\":0,\"total_value\":1.5,\"kompetensi\":41},{\"id\":322,\"name\":\"pernyataan_322\",\"kepentingan\":3,\"frekuensi\":4,\"total_value\":3.5,\"kompetensi\":41},{\"id\":323,\"name\":\"pernyataan_323\",\"kepentingan\":2,\"frekuensi\":2,\"total_value\":2,\"kompetensi\":41},{\"id\":324,\"name\":\"pernyataan_324\",\"kepentingan\":2,\"frekuensi\":4,\"total_value\":3,\"kompetensi\":41},{\"id\":325,\"name\":\"pernyataan_325\",\"kepentingan\":2,\"frekuensi\":1,\"total_value\":1.5,\"kompetensi\":41},{\"id\":326,\"name\":\"pernyataan_326\",\"kepentingan\":2,\"frekuensi\":4,\"total_value\":3,\"kompetensi\":41},{\"id\":327,\"name\":\"pernyataan_327\",\"kepentingan\":2,\"frekuensi\":3,\"total_value\":2.5,\"kompetensi\":41},{\"id\":328,\"name\":\"pernyataan_328\",\"kepentingan\":2,\"frekuensi\":4,\"total_value\":3,\"kompetensi\":41},{\"id\":329,\"name\":\"pernyataan_329\",\"kepentingan\":1,\"frekuensi\":0,\"total_value\":0.5,\"kompetensi\":42},{\"id\":330,\"name\":\"pernyataan_330\",\"kepentingan\":4,\"frekuensi\":2,\"total_value\":3,\"kompetensi\":42},{\"id\":331,\"name\":\"pernyataan_331\",\"kepentingan\":2,\"frekuensi\":5,\"total_value\":3.5,\"kompetensi\":42},{\"id\":332,\"name\":\"pernyataan_332\",\"kepentingan\":2,\"frekuensi\":2,\"total_value\":2,\"kompetensi\":42},{\"id\":333,\"name\":\"pernyataan_333\",\"kepentingan\":4,\"frekuensi\":1,\"total_value\":2.5,\"kompetensi\":42},{\"id\":334,\"name\":\"pernyataan_334\",\"kepentingan\":2,\"frekuensi\":4,\"total_value\":3,\"kompetensi\":42},{\"id\":335,\"name\":\"pernyataan_335\",\"kepentingan\":4,\"frekuensi\":5,\"total_value\":4.5,\"kompetensi\":42},{\"id\":336,\"name\":\"pernyataan_336\",\"kepentingan\":1,\"frekuensi\":4,\"total_value\":2.5,\"kompetensi\":42},{\"id\":337,\"name\":\"pernyataan_337\",\"kepentingan\":2,\"frekuensi\":3,\"total_value\":2.5,\"kompetensi\":43},{\"id\":338,\"name\":\"pernyataan_338\",\"kepentingan\":1,\"frekuensi\":5,\"total_value\":3,\"kompetensi\":43},{\"id\":339,\"name\":\"pernyataan_339\",\"kepentingan\":4,\"frekuensi\":1,\"total_value\":2.5,\"kompetensi\":43},{\"id\":340,\"name\":\"pernyataan_340\",\"kepentingan\":3,\"frekuensi\":4,\"total_value\":3.5,\"kompetensi\":43},{\"id\":341,\"name\":\"pernyataan_341\",\"kepentingan\":2,\"frekuensi\":4,\"total_value\":3,\"kompetensi\":43},{\"id\":342,\"name\":\"pernyataan_342\",\"kepentingan\":4,\"frekuensi\":4,\"total_value\":4,\"kompetensi\":43},{\"id\":343,\"name\":\"pernyataan_343\",\"kepentingan\":3,\"frekuensi\":3,\"total_value\":3,\"kompetensi\":43},{\"id\":344,\"name\":\"pernyataan_344\",\"kepentingan\":3,\"frekuensi\":2,\"total_value\":2.5,\"kompetensi\":43},{\"id\":345,\"name\":\"pernyataan_345\",\"kepentingan\":3,\"frekuensi\":0,\"total_value\":1.5,\"kompetensi\":44},{\"id\":346,\"name\":\"pernyataan_346\",\"kepentingan\":3,\"frekuensi\":2,\"total_value\":2.5,\"kompetensi\":44},{\"id\":347,\"name\":\"pernyataan_347\",\"kepentingan\":2,\"frekuensi\":1,\"total_value\":1.5,\"kompetensi\":44},{\"id\":348,\"name\":\"pernyataan_348\",\"kepentingan\":4,\"frekuensi\":1,\"total_value\":2.5,\"kompetensi\":44},{\"id\":349,\"name\":\"pernyataan_349\",\"kepentingan\":4,\"frekuensi\":4,\"total_value\":4,\"kompetensi\":44},{\"id\":350,\"name\":\"pernyataan_350\",\"kepentingan\":4,\"frekuensi\":1,\"total_value\":2.5,\"kompetensi\":44},{\"id\":351,\"name\":\"pernyataan_351\",\"kepentingan\":3,\"frekuensi\":1,\"total_value\":2,\"kompetensi\":44},{\"id\":352,\"name\":\"pernyataan_352\",\"kepentingan\":3,\"frekuensi\":2,\"total_value\":2.5,\"kompetensi\":44},{\"id\":353,\"name\":\"pernyataan_353\",\"kepentingan\":2,\"frekuensi\":1,\"total_value\":1.5,\"kompetensi\":45},{\"id\":354,\"name\":\"pernyataan_354\",\"kepentingan\":2,\"frekuensi\":3,\"total_value\":2.5,\"kompetensi\":45},{\"id\":355,\"name\":\"pernyataan_355\",\"kepentingan\":4,\"frekuensi\":5,\"total_value\":4.5,\"kompetensi\":45},{\"id\":356,\"name\":\"pernyataan_356\",\"kepentingan\":4,\"frekuensi\":2,\"total_value\":3,\"kompetensi\":45},{\"id\":357,\"name\":\"pernyataan_357\",\"kepentingan\":4,\"frekuensi\":1,\"total_value\":2.5,\"kompetensi\":45},{\"id\":358,\"name\":\"pernyataan_358\",\"kepentingan\":4,\"frekuensi\":3,\"total_value\":3.5,\"kompetensi\":45},{\"id\":359,\"name\":\"pernyataan_359\",\"kepentingan\":1,\"frekuensi\":0,\"total_value\":0.5,\"kompetensi\":45},{\"id\":360,\"name\":\"pernyataan_360\",\"kepentingan\":1,\"frekuensi\":0,\"total_value\":0.5,\"kompetensi\":45}],\"jawaban_perkategori\":[{\"id\":1,\"name\":\"ACHIEVEMENT ORIENTATION\",\"kepentingan\":24,\"frekuensi\":23},{\"id\":2,\"name\":\"ACTION MANAGEMENT\",\"kepentingan\":27,\"frekuensi\":23},{\"id\":3,\"name\":\"ADAPTABILITY\",\"kepentingan\":22,\"frekuensi\":24},{\"id\":4,\"name\":\"ANALYTICAL THINKING\",\"kepentingan\":20,\"frekuensi\":16},{\"id\":5,\"name\":\"ATTENTION TO DETAIL\",\"kepentingan\":22,\"frekuensi\":13},{\"id\":6,\"name\":\"BUILDING PARTNERSHIP\",\"kepentingan\":17,\"frekuensi\":18},{\"id\":7,\"name\":\"BUSINESS ACUMEN\",\"kepentingan\":19,\"frekuensi\":20},{\"id\":8,\"name\":\"BUSINESS AWARENESS\",\"kepentingan\":23,\"frekuensi\":19},{\"id\":9,\"name\":\"COLLABORATION\",\"kepentingan\":18,\"frekuensi\":23},{\"id\":10,\"name\":\"COMMUNICATION\",\"kepentingan\":23,\"frekuensi\":18},{\"id\":11,\"name\":\"CONCEPTUAL THINKING\",\"kepentingan\":22,\"frekuensi\":19},{\"id\":12,\"name\":\"CONTINUOUS IMPROVEMENT\",\"kepentingan\":24,\"frekuensi\":22},{\"id\":13,\"name\":\"CONTROL\",\"kepentingan\":26,\"frekuensi\":21},{\"id\":14,\"name\":\"CUSTOMER FOCUS\",\"kepentingan\":15,\"frekuensi\":19},{\"id\":15,\"name\":\"CREATIVITY\",\"kepentingan\":22,\"frekuensi\":27},{\"id\":16,\"name\":\"DECISION MAKING\",\"kepentingan\":21,\"frekuensi\":21},{\"id\":17,\"name\":\"DELEGATION\",\"kepentingan\":15,\"frekuensi\":13},{\"id\":18,\"name\":\"EMPATHY\",\"kepentingan\":19,\"frekuensi\":17},{\"id\":19,\"name\":\"EMPOWERING\",\"kepentingan\":20,\"frekuensi\":19},{\"id\":20,\"name\":\"ENTHUSIASTIC\",\"kepentingan\":25,\"frekuensi\":19},{\"id\":21,\"name\":\"FAIRNESS TO SUBORDINATE\",\"kepentingan\":22,\"frekuensi\":14},{\"id\":22,\"name\":\"FLEXIBILITY\",\"kepentingan\":21,\"frekuensi\":28},{\"id\":23,\"name\":\"IMPACT\",\"kepentingan\":26,\"frekuensi\":10},{\"id\":24,\"name\":\"INITIATIVE\",\"kepentingan\":19,\"frekuensi\":21},{\"id\":25,\"name\":\"INFORMATION SEEKING\",\"kepentingan\":23,\"frekuensi\":16},{\"id\":26,\"name\":\"INNOVATION\",\"kepentingan\":19,\"frekuensi\":17},{\"id\":27,\"name\":\"INTERPERSONAL SKILL\",\"kepentingan\":16,\"frekuensi\":19},{\"id\":28,\"name\":\"LEADERSHIP\",\"kepentingan\":19,\"frekuensi\":14},{\"id\":29,\"name\":\"LEARNING ABILITY\",\"kepentingan\":23,\"frekuensi\":19},{\"id\":30,\"name\":\"LEGAL AWARENESS\",\"kepentingan\":15,\"frekuensi\":19},{\"id\":31,\"name\":\"MANAGING DIVERSITY\",\"kepentingan\":17,\"frekuensi\":24},{\"id\":32,\"name\":\"MONITORING\",\"kepentingan\":22,\"frekuensi\":29},{\"id\":33,\"name\":\"NEGOTIATION\",\"kepentingan\":25,\"frekuensi\":21},{\"id\":34,\"name\":\"NETWORKING\",\"kepentingan\":20,\"frekuensi\":29},{\"id\":35,\"name\":\"ORGANIZATIONAL AWARENESS\",\"kepentingan\":18,\"frekuensi\":26},{\"id\":36,\"name\":\"PEOPLE DEVELOPMENT\",\"kepentingan\":20,\"frekuensi\":21},{\"id\":37,\"name\":\"PERSUASIVENESS\",\"kepentingan\":23,\"frekuensi\":25},{\"id\":38,\"name\":\"PLANNING & ORGANIZING\",\"kepentingan\":20,\"frekuensi\":18},{\"id\":39,\"name\":\"RISK TAKING\",\"kepentingan\":21,\"frekuensi\":21},{\"id\":40,\"name\":\"SELF CONFIDENT\",\"kepentingan\":21,\"frekuensi\":20},{\"id\":41,\"name\":\"SELF MANAGEMENT\",\"kepentingan\":18,\"frekuensi\":22},{\"id\":42,\"name\":\"STRATEGIC ORIENTATION\",\"kepentingan\":20,\"frekuensi\":23},{\"id\":43,\"name\":\"TEAM WORK\",\"kepentingan\":22,\"frekuensi\":26},{\"id\":44,\"name\":\"TENACITY\",\"kepentingan\":26,\"frekuensi\":12},{\"id\":45,\"name\":\"TOLERANCE FOR STRESS\",\"kepentingan\":22,\"frekuensi\":15}],\"distribusi_kompetensi\":[{\"rank\":1,\"name_rank\":\"rank_1\",\"name\":\"IMPACT\",\"kompetensi_id\":23,\"value\":45,\"total_value\":47,\"kepentingan_kompetensi\":2},{\"rank\":2,\"name_rank\":\"rank_2\",\"name\":\"PEOPLE DEVELOPMENT\",\"kompetensi_id\":36,\"value\":44,\"total_value\":45,\"kepentingan_kompetensi\":1},{\"rank\":3,\"name_rank\":\"rank_3\",\"name\":\"CONTROL\",\"kompetensi_id\":13,\"value\":43,\"total_value\":46,\"kepentingan_kompetensi\":3},{\"rank\":4,\"name_rank\":\"rank_4\",\"name\":\"TENACITY\",\"kompetensi_id\":44,\"value\":42,\"total_value\":46,\"kepentingan_kompetensi\":4},{\"rank\":5,\"name_rank\":\"rank_5\",\"name\":\"RISK TAKING\",\"kompetensi_id\":39,\"value\":41,\"total_value\":45,\"kepentingan_kompetensi\":4},{\"rank\":6,\"name_rank\":\"rank_6\",\"name\":\"SELF MANAGEMENT\",\"kompetensi_id\":41,\"value\":40,\"total_value\":41,\"kepentingan_kompetensi\":1},{\"rank\":7,\"name_rank\":\"rank_7\",\"name\":\"NEGOTIATION\",\"kompetensi_id\":33,\"value\":39,\"total_value\":43,\"kepentingan_kompetensi\":4},{\"rank\":8,\"name_rank\":\"rank_8\",\"name\":\"COMMUNICATION\",\"kompetensi_id\":10,\"value\":38,\"total_value\":39,\"kepentingan_kompetensi\":1},{\"rank\":9,\"name_rank\":\"rank_9\",\"name\":\"EMPATHY\",\"kompetensi_id\":18,\"value\":37,\"total_value\":38,\"kepentingan_kompetensi\":1},{\"rank\":10,\"name_rank\":\"rank_10\",\"name\":\"ENTHUSIASTIC\",\"kompetensi_id\":20,\"value\":36,\"total_value\":40,\"kepentingan_kompetensi\":4},{\"rank\":11,\"name_rank\":\"rank_11\",\"name\":\"CONCEPTUAL THINKING\",\"kompetensi_id\":11,\"value\":35,\"total_value\":39,\"kepentingan_kompetensi\":4},{\"rank\":12,\"name_rank\":\"rank_12\",\"name\":\"ACTION MANAGEMENT\",\"kompetensi_id\":2,\"value\":34,\"total_value\":38,\"kepentingan_kompetensi\":4},{\"rank\":13,\"name_rank\":\"rank_13\",\"name\":\"BUSINESS AWARENESS\",\"kompetensi_id\":8,\"value\":33,\"total_value\":34,\"kepentingan_kompetensi\":1},{\"rank\":14,\"name_rank\":\"rank_14\",\"name\":\"COLLABORATION\",\"kompetensi_id\":9,\"value\":32,\"total_value\":36,\"kepentingan_kompetensi\":4},{\"rank\":15,\"name_rank\":\"rank_15\",\"name\":\"CONTINUOUS IMPROVEMENT\",\"kompetensi_id\":12,\"value\":31,\"total_value\":33,\"kepentingan_kompetensi\":2},{\"rank\":16,\"name_rank\":\"rank_16\",\"name\":\"ACHIEVEMENT ORIENTATION\",\"kompetensi_id\":1,\"value\":30,\"total_value\":33,\"kepentingan_kompetensi\":3},{\"rank\":17,\"name_rank\":\"rank_17\",\"name\":\"ATTENTION TO DETAIL\",\"kompetensi_id\":5,\"value\":29,\"total_value\":32,\"kepentingan_kompetensi\":3},{\"rank\":18,\"name_rank\":\"rank_18\",\"name\":\"BUILDING PARTNERSHIP\",\"kompetensi_id\":6,\"value\":28,\"total_value\":29,\"kepentingan_kompetensi\":1},{\"rank\":19,\"name_rank\":\"rank_19\",\"name\":\"ANALYTICAL THINKING\",\"kompetensi_id\":4,\"value\":27,\"total_value\":29,\"kepentingan_kompetensi\":2},{\"rank\":20,\"name_rank\":\"rank_20\",\"name\":\"ADAPTABILITY\",\"kompetensi_id\":3,\"value\":26,\"total_value\":29,\"kepentingan_kompetensi\":3},{\"rank\":21,\"name_rank\":\"rank_21\",\"name\":\"FAIRNESS TO SUBORDINATE\",\"kompetensi_id\":21,\"value\":25,\"total_value\":29,\"kepentingan_kompetensi\":4},{\"rank\":22,\"name_rank\":\"rank_22\",\"name\":\"CUSTOMER FOCUS\",\"kompetensi_id\":14,\"value\":24,\"total_value\":25,\"kepentingan_kompetensi\":1},{\"rank\":23,\"name_rank\":\"rank_23\",\"name\":\"CREATIVITY\",\"kompetensi_id\":15,\"value\":23,\"total_value\":26,\"kepentingan_kompetensi\":3},{\"rank\":24,\"name_rank\":\"rank_24\",\"name\":\"BUSINESS ACUMEN\",\"kompetensi_id\":7,\"value\":22,\"total_value\":26,\"kepentingan_kompetensi\":4},{\"rank\":25,\"name_rank\":\"rank_25\",\"name\":\"DECISION MAKING\",\"kompetensi_id\":16,\"value\":21,\"total_value\":25,\"kepentingan_kompetensi\":4},{\"rank\":26,\"name_rank\":\"rank_26\",\"name\":\"FLEXIBILITY\",\"kompetensi_id\":22,\"value\":20,\"total_value\":22,\"kepentingan_kompetensi\":2},{\"rank\":27,\"name_rank\":\"rank_27\",\"name\":\"EMPOWERING\",\"kompetensi_id\":19,\"value\":19,\"total_value\":20,\"kepentingan_kompetensi\":1},{\"rank\":28,\"name_rank\":\"rank_28\",\"name\":\"INFORMATION SEEKING\",\"kompetensi_id\":25,\"value\":18,\"total_value\":20,\"kepentingan_kompetensi\":2},{\"rank\":29,\"name_rank\":\"rank_29\",\"name\":\"DELEGATION\",\"kompetensi_id\":17,\"value\":17,\"total_value\":19,\"kepentingan_kompetensi\":2},{\"rank\":30,\"name_rank\":\"rank_30\",\"name\":\"LEGAL AWARENESS\",\"kompetensi_id\":30,\"value\":16,\"total_value\":17,\"kepentingan_kompetensi\":1},{\"rank\":31,\"name_rank\":\"rank_31\",\"name\":\"INITIATIVE\",\"kompetensi_id\":24,\"value\":15,\"total_value\":16,\"kepentingan_kompetensi\":1},{\"rank\":32,\"name_rank\":\"rank_32\",\"name\":\"INNOVATION\",\"kompetensi_id\":26,\"value\":14,\"total_value\":18,\"kepentingan_kompetensi\":4},{\"rank\":33,\"name_rank\":\"rank_33\",\"name\":\"LEADERSHIP\",\"kompetensi_id\":28,\"value\":13,\"total_value\":14,\"kepentingan_kompetensi\":1},{\"rank\":34,\"name_rank\":\"rank_34\",\"name\":\"STRATEGIC ORIENTATION\",\"kompetensi_id\":42,\"value\":12,\"total_value\":15,\"kepentingan_kompetensi\":3},{\"rank\":35,\"name_rank\":\"rank_35\",\"name\":\"TOLERANCE FOR STRESS\",\"kompetensi_id\":45,\"value\":11,\"total_value\":13,\"kepentingan_kompetensi\":2},{\"rank\":36,\"name_rank\":\"rank_36\",\"name\":\"TEAM WORK\",\"kompetensi_id\":43,\"value\":10,\"total_value\":14,\"kepentingan_kompetensi\":4},{\"rank\":37,\"name_rank\":\"rank_37\",\"name\":\"PERSUASIVENESS\",\"kompetensi_id\":37,\"value\":9,\"total_value\":12,\"kepentingan_kompetensi\":3},{\"rank\":38,\"name_rank\":\"rank_38\",\"name\":\"SELF CONFIDENT\",\"kompetensi_id\":40,\"value\":8,\"total_value\":10,\"kepentingan_kompetensi\":2},{\"rank\":39,\"name_rank\":\"rank_39\",\"name\":\"ORGANIZATIONAL AWARENESS\",\"kompetensi_id\":35,\"value\":7,\"total_value\":11,\"kepentingan_kompetensi\":4},{\"rank\":40,\"name_rank\":\"rank_40\",\"name\":\"PLANNING & ORGANIZING\",\"kompetensi_id\":38,\"value\":6,\"total_value\":8,\"kepentingan_kompetensi\":2},{\"rank\":41,\"name_rank\":\"rank_41\",\"name\":\"MANAGING DIVERSITY\",\"kompetensi_id\":31,\"value\":5,\"total_value\":8,\"kepentingan_kompetensi\":3},{\"rank\":42,\"name_rank\":\"rank_42\",\"name\":\"NETWORKING\",\"kompetensi_id\":34,\"value\":4,\"total_value\":5,\"kepentingan_kompetensi\":1},{\"rank\":43,\"name_rank\":\"rank_43\",\"name\":\"LEARNING ABILITY\",\"kompetensi_id\":29,\"value\":3,\"total_value\":5,\"kepentingan_kompetensi\":2},{\"rank\":44,\"name_rank\":\"rank_44\",\"name\":\"INTERPERSONAL SKILL\",\"kompetensi_id\":27,\"value\":2,\"total_value\":3,\"kepentingan_kompetensi\":1},{\"rank\":45,\"name_rank\":\"rank_45\",\"name\":\"MONITORING\",\"kompetensi_id\":32,\"value\":1,\"total_value\":3,\"kepentingan_kompetensi\":2}]}', '2023-12-30 07:18:35', '2023-12-30 07:18:35', '2023-12-30 07:18:35');

-- --------------------------------------------------------

--
-- Table structure for table `users`
--

CREATE TABLE `users` (
  `id` int(11) NOT NULL,
  `username` varchar(50) NOT NULL,
  `password` text NOT NULL,
  `email` varchar(128) NOT NULL,
  `role` int(11) NOT NULL,
  `created_at` varchar(128) NOT NULL,
  `updated_at` varchar(128) NOT NULL
) ENGINE=InnoDB DEFAULT CHARSET=utf8mb4;

--
-- Dumping data for table `users`
--

INSERT INTO `users` (`id`, `username`, `password`, `email`, `role`, `created_at`, `updated_at`) VALUES
(1, 'superadmin', '$2y$10$DigtjuFCKm8o7uzOLTs1buPWqP/3G.EeLNRt.8k9GeMgppbTnMYBq', 'admin@esq165.co.id', 1, '2023-12-19 20:49:44', '2023-12-19 20:49:44'),
(2, 'testadmin', '$2y$10$VbIlVOBXvyZb3XfEDsiYGOKjwe1yvYOwabwtCXnkW4kevTR.y6b0m', 'aliwafamuhamad16@gmail.com', 2, '2023-12-19 15:44:38', '2023-12-19 15:44:38');

--
-- Indexes for dumped tables
--

--
-- Indexes for table `clients`
--
ALTER TABLE `clients`
  ADD PRIMARY KEY (`id`);

--
-- Indexes for table `events`
--
ALTER TABLE `events`
  ADD PRIMARY KEY (`id`);

--
-- Indexes for table `kompetensi`
--
ALTER TABLE `kompetensi`
  ADD PRIMARY KEY (`id`);

--
-- Indexes for table `perilaku`
--
ALTER TABLE `perilaku`
  ADD PRIMARY KEY (`id`);

--
-- Indexes for table `role`
--
ALTER TABLE `role`
  ADD PRIMARY KEY (`id`);

--
-- Indexes for table `trn_survey`
--
ALTER TABLE `trn_survey`
  ADD PRIMARY KEY (`id`);

--
-- Indexes for table `users`
--
ALTER TABLE `users`
  ADD PRIMARY KEY (`id`);

--
-- AUTO_INCREMENT for dumped tables
--

--
-- AUTO_INCREMENT for table `clients`
--
ALTER TABLE `clients`
  MODIFY `id` int(11) NOT NULL AUTO_INCREMENT, AUTO_INCREMENT=6;

--
-- AUTO_INCREMENT for table `events`
--
ALTER TABLE `events`
  MODIFY `id` int(11) NOT NULL AUTO_INCREMENT, AUTO_INCREMENT=2;

--
-- AUTO_INCREMENT for table `kompetensi`
--
ALTER TABLE `kompetensi`
  MODIFY `id` int(11) NOT NULL AUTO_INCREMENT, AUTO_INCREMENT=46;

--
-- AUTO_INCREMENT for table `perilaku`
--
ALTER TABLE `perilaku`
  MODIFY `id` int(11) NOT NULL AUTO_INCREMENT, AUTO_INCREMENT=361;

--
-- AUTO_INCREMENT for table `role`
--
ALTER TABLE `role`
  MODIFY `id` int(11) NOT NULL AUTO_INCREMENT, AUTO_INCREMENT=3;

--
-- AUTO_INCREMENT for table `trn_survey`
--
ALTER TABLE `trn_survey`
  MODIFY `id` int(11) NOT NULL AUTO_INCREMENT, AUTO_INCREMENT=9;

--
-- AUTO_INCREMENT for table `users`
--
ALTER TABLE `users`
  MODIFY `id` int(11) NOT NULL AUTO_INCREMENT, AUTO_INCREMENT=11;
COMMIT;

/*!40101 SET CHARACTER_SET_CLIENT=@OLD_CHARACTER_SET_CLIENT */;
/*!40101 SET CHARACTER_SET_RESULTS=@OLD_CHARACTER_SET_RESULTS */;
/*!40101 SET COLLATION_CONNECTION=@OLD_COLLATION_CONNECTION */;
